Date,AAPL,GOOGL,MSFT,AMZN
2020-01-03,-0.009769461878761548,-0.005245121542509631,-0.01252988110461328,-0.012213314472679244
2020-01-06,0.007936663472166344,0.0263051092918905,0.0025816273684398463,0.014775871094842
2020-01-07,-0.004713678104545563,-0.0019336244396338882,-0.009159540506268342,0.002089436023074214
2020-01-08,0.015957800816929244,0.007092564529826259,0.015802861204064426,-0.007839287338238396
2020-01-09,0.021018281408632045,0.010443152247252249,0.012415338098519206,0.0047876954600311996
2020-01-10,0.002258162466027057,0.006438164187181035,-0.004637806822981248,-0.009455156242405702
2020-01-13,0.02113938232440786,0.007716888479249119,0.011952688165596883,0.0043132627393767525
2020-01-14,-0.013595394381287098,-0.006576977395241178,-0.007068036983768316,-0.011625527046359843
2020-01-15,-0.004294593187870594,0.006000458721658387,0.006455258807220783,-0.003977024437111101
2020-01-16,0.012448652661187134,0.0075865497156483745,0.01815773143408857,0.008513567549042408
2020-01-17,0.0110099828937651,0.020043742203701552,0.005580743080466883,-0.007064556764163625
2020-01-21,-0.00679977108503449,0.0018435160478036338,-0.003597114917238079,0.014523546068980422
2020-01-22,0.00356333257238117,0.0010923249724900403,-0.004816272856464817,-0.0024024329949913796
2020-01-23,0.004804085555477015,0.0005523383117263393,0.00613695884433234,-0.0015270766138826273
2020-01-24,-0.0028859988772676538,-0.012552303983925714,-0.010127952833653866,-0.012247117354347813
2020-01-27,-0.029846325523756708,-0.023769954297478753,-0.016864772177961628,-0.018049378179086813
2020-01-28,0.027896488375968812,0.013024770263270286,0.01940651446383888,0.013532388730052893
2020-01-29,0.020716475275308795,0.004265173596481372,0.015472471782164094,0.002559818728975466
2020-01-30,-0.001450173193900363,-0.001683369775280215,0.02781720333244564,0.00680130777131683
2020-01-31,-0.045351634236943536,-0.014873587180571883,-0.01486871086248982,0.07119570893188107
2020-02-03,-0.0027502354849710253,0.0341807027366223,0.024086303769298326,-0.002252704013802056
2020-02-04,0.03248047791018028,-0.025404296735914107,0.03238649607032588,0.022433811849720944
2020-02-05,0.008121244443965673,0.0004426219850495202,-0.0012221949962443076,-0.004792703414039184
2020-02-06,0.011629029072254594,0.020479745301072112,0.02052180768306833,0.005065879625856511
2020-02-07,-0.013685964315160722,0.0021250149804574806,0.0014148406685489305,0.014069692433392624
2020-02-10,0.004738405558872199,0.019781557048691716,0.02582076233890591,0.02593435798738784
2020-02-11,-0.006051643408113339,0.0009274240737675426,-0.022834383200742176,0.007883866478429244
2020-02-12,0.023469987487125,0.005659264380115255,0.001462750159225835,0.004268347229322045
2020-02-13,-0.00714659468250215,-0.0034564819721243215,-0.005428320193635581,-0.004700848772083054
2020-02-14,0.0002467072818977213,0.0035221393596586376,0.008887471121601365,-0.007001620314183051
2020-02-18,-0.018480498305787414,0.0004675703917426167,0.010091585473962413,0.00969583372641929
2020-02-19,0.014378776415201825,0.0035671845687364817,0.002994715509031496,0.006726973190216665
2020-02-20,-0.010311924283865312,-0.005180989214926658,-0.015388956893724534,-0.007919906743473367
2020-02-21,-0.02289521922638882,-0.02235101457706105,-0.032122924768277036,-0.02689219882130043
2020-02-24,-0.04866534945103621,-0.04381883209575056,-0.04407270644418004,-0.042235023870589
2020-02-25,-0.034459081986725544,-0.023905400428452604,-0.016639383205627863,-0.018357980231590378
2020-02-26,0.0157391227166476,0.00298904922893484,0.012417201107235768,0.0034663008478506324
2020-02-27,-0.0676026654260194,-0.05584332633862658,-0.07306430390873342,-0.049333390430740226
2020-02-28,-0.0005850216515837273,0.018311158188811422,0.02392438703709059,-0.0002918893180325476
2020-03-02,0.08901823346379721,0.034543118920880224,0.06441893188893437,0.03658851566405863
2020-03-03,-0.03227465925094895,-0.035686280077894886,-0.049105626934098694,-0.023278669366774255
2020-03-04,0.04534087131946779,0.032275674418945625,0.036057261918669134,0.03441420829326915
2020-03-05,-0.03297458079394463,-0.049588214441871406,-0.02541550240483962,-0.02656658154602768
2020-03-06,-0.01336925193089859,-0.014572104581478593,-0.02867455425922617,-0.011994572145720599
2020-03-09,-0.08239511180340311,-0.06368785797510725,-0.0701784683946347,-0.05430184971456644
2020-03-10,0.0695463041150483,0.0476854769726848,0.06614711725674409,0.04941384267449418
2020-03-11,-0.035347907040758283,-0.05171565257703339,-0.04636026322020778,-0.03823045590680999
2020-03-12,-0.10397780377411167,-0.0856084857542341,-0.09964156872139245,-0.08253503819368388
2020-03-13,0.11315759026239915,0.0883876300367643,0.13292902175533947,0.06264454451479513
2020-03-16,-0.13770818542637364,-0.12368457326979254,-0.15945317425686165,-0.0551930111496119
2020-03-17,0.043030819026880725,0.04113658834758596,0.07912193501474404,0.0679073394904408
2020-03-18,-0.024784543016888212,-0.02432605501254631,-0.043007730215808275,0.012183223280898315
2020-03-19,-0.007691684959796678,0.018594424308169512,0.016319239093665405,0.027450380856149387
2020-03-20,-0.06559030585315312,-0.03987903995125503,-0.03828205564118243,-0.018696493799985447
2020-03-23,-0.021472996890720426,-0.0132686233180137,-0.010025021115359604,0.03027242280070844
2020-03-24,0.09560602849348956,0.06951072606442829,0.08699943356078045,0.019397213114498144
2020-03-25,-0.005523908752272172,-0.025444624806534564,-0.009618808514458465,-0.02836614678504326
2020-03-26,0.05128466977513103,0.054152344267203945,0.060672810901121206,0.036267437779002064
2020-03-27,-0.04228347117234081,-0.046339979814610216,-0.041927693907059874,-0.028734293362178226
2020-03-30,0.02813846110588785,0.03195373820211607,0.06797687719775683,0.03305128565768252
2020-03-31,-0.002042943529703013,0.013551581122806002,-0.01585219545443515,-0.0072719999659999635
2020-04-01,-0.054051818005409834,-0.05288215158072732,-0.0361540678311059,-0.02178742279295421
2020-04-02,0.016548891836259242,0.013456062003190331,0.020497107229690118,0.005817252037933856
2020-04-03,-0.014475646004622662,-0.0220218349882226,-0.009252713203175248,-0.006399314195321289
2020-04-06,0.08363980852649734,0.07956261179248794,0.07173221996943722,0.04662517920980072
2020-04-07,-0.011649562055134725,-0.000532732314617479,-0.010828634030363583,0.006988976113008688
2020-04-08,0.02527255187960739,0.02045644746703985,0.00998130485633289,0.015488887252484295
2020-04-09,0.007189992105384661,-0.00035635115135156125,6.046414238002537e-05,-0.00011749136016937198
2020-04-13,0.019437447079181516,0.003177529226535139,0.002237802544860521,0.059904424788693025
2020-04-14,0.04926958594503735,0.04429491142966008,0.04829802372906753,0.05142426317898339
2020-04-15,-0.009169340813505143,-0.006287473325777181,-0.010532910307968045,0.01061218674730437
2020-04-16,0.007914418057700367,0.00010337467616786422,0.029579129357050007,0.042632714874196495
2020-04-17,-0.013661991162638222,0.017008585744645092,0.008772930872731463,-0.013877991515518532
2020-04-20,-0.020975041617765967,-0.014054525408291926,-0.02001981423449337,0.007805217491159297
2020-04-21,-0.03139788440072203,-0.03962009322632519,-0.0422367907889428,-0.027741595250859077
2020-04-22,0.028396581485298795,0.037445153618586864,0.033400844968265966,0.015078276370104332
2020-04-23,-0.0038831617082108125,0.010088641112264086,-0.01217628779750191,0.015100238852104056
2020-04-24,0.02846090276398832,0.004262643409674831,0.01809465246991441,0.004478467862372162
2020-04-27,0.0007064269373447929,-0.0045065188361734215,-0.0028686574874717385,-0.014299615622890095
2020-04-28,-0.01634236453612512,-0.030576155070712117,-0.024662495305020654,-0.026406206272373736
2020-04-29,0.03231735717844819,0.0851774071924044,0.043896075969541024,0.025020524430829326
2020-04-30,0.02087681484732805,0.0033620706350097245,0.009982191057480444,0.041803503952607714
2020-05-01,-0.016230267240207836,-0.022057918553067053,-0.026232439773301083,-0.0790151691799427
2020-05-04,0.014049755644869218,0.004226974429559846,0.02416561815533279,0.013016157575809914
2020-05-05,0.014897016310011434,0.01955216830890719,0.010678746292644327,0.0007812169559819208
2020-05-06,0.010264694632998674,-0.0026648224348519325,0.009799018472579026,0.014332930141282023
2020-05-07,0.010291373389266289,0.017571424947970742,0.005790336308231252,0.006929629421755726
2020-05-08,0.023523241840354675,0.01093842132721897,0.005864876973564049,0.005055588339379235
2020-05-11,0.015612328385067296,0.013809788755841513,0.01109284571086493,0.012275095742505182
2020-05-12,-0.011493811947240673,-0.020448451531551615,-0.0229125205821838,-0.02184325689933136
2020-05-13,-0.012147318430423278,-0.019717973312216596,-0.01523791176461999,0.00464352271673132
2020-05-14,0.006124323049687507,0.006306611438181266,0.004330040785831527,0.008800091486279958
2020-05-15,-0.005929535134000127,0.011868384111147259,0.014463092894575983,0.008723388257937528
2020-05-18,0.023288033406113434,0.0087884307828233,0.009509345277109385,0.006815562402388709
2020-05-19,-0.005795449217077873,-0.007812947303227258,-0.006946371329345026,0.009463506026665746
2020-05-20,0.01926169323856657,0.02497654172687,0.013775355832311383,0.0196519053240098
2020-05-21,-0.007483438975811992,-0.0017114857238121621,-0.012084115171219711,-0.020709907813958355
2020-05-22,0.0064176297200343995,0.004602586403514785,0.00043608080607972325,-0.0040379627094452065
2020-05-26,-0.006796697647497233,0.005736384401810279,-0.010627753399186323,-0.006182687942356004
2020-05-27,0.004347712275824412,-0.0007671066281268044,0.0013206194676358342,-0.004747292931811086
2020-05-28,0.0004399019511807056,-0.0014375025377840955,-0.0022575367562028374,-0.0038615979869802697
2020-05-29,-0.0009742935548180784,0.010716284495871945,0.010146930255989069,0.017041909136995572
2020-06-01,0.012222654016992844,0.0009412136436559995,-0.0022945850279570182,0.011670253098244966
2020-06-02,0.0046188129715357155,0.005171871254219581,0.011312511481843063,0.0005542421239081785
2020-06-03,0.005490061162277969,-0.002123887809133249,0.0024305712151088616,0.002419803318654912
2020-06-04,-0.008649567568886735,-0.017487622148071955,-0.0132509611972473,-0.007207963182428161
2020-06-05,0.028082970244465016,0.018022404661167182,0.023128571495098695,0.009062306094701045
2020-06-08,0.005895274486696522,0.0055540386041398986,0.006177548466413439,0.01640122058468097
2020-06-09,0.031089676343922245,0.002785968092770822,0.007615921027070053,0.029973414532654237
2020-06-10,0.025402046158223897,0.008653442794783802,0.03642029582112732,0.01775474019639406
2020-06-11,-0.04920128033030042,-0.04382188759174923,-0.05519417113261185,-0.034386807792203426
2020-06-12,0.008596286910969253,0.007830137362234691,0.007860849201603773,-0.005071582137180358
2020-06-15,0.012291454414536348,0.005519149565064431,0.006371415740352053,0.01080967380014712
2020-06-16,0.02615728646085995,0.01794844888833286,0.024209767572974304,0.01641919546995653
2020-06-17,-0.0013927824193541943,0.004187445158405197,0.003455288015698543,0.009782656419923274
2020-06-18,0.000398110260864624,-0.012762176893086364,0.010651440836021972,0.004910408831544251
2020-06-19,-0.0057308633663530895,-0.0066323175917106635,-0.005977269650836403,0.007892706403668376
2020-06-22,0.025827331007160677,0.018099305105512876,0.02739476197300296,0.014404049034053084
2020-06-23,0.02112003464840041,0.009140340176234772,0.006658630459590971,0.018470070932883553
2020-06-24,-0.017809482204559638,-0.02159804033650045,-0.020363220928460657,-0.010915222785479236
2020-06-25,0.013187929549723629,0.005845918596190653,0.012557109562387172,0.007352966946613356
2020-06-26,-0.03120771391781937,-0.05605608906985968,-0.020218968776141644,-0.022657517035347675
2020-06-29,0.02278542269827761,0.025098203083811763,0.01068991286592197,-0.004648937652200358
2020-06-30,0.008312771724574152,0.014833943049034392,0.025228311895836103,0.02884445591830274
2020-07-01,-0.0018931322420771063,0.016748394770093863,0.0058302673860216965,0.04253577590541981
2020-07-02,0.0,0.019183610631986887,0.00759205137919596,0.004021512351305945
2020-07-06,0.026398450691451684,0.02001698548922001,0.021297652403677536,0.056086861548230546
2020-07-07,-0.0031077088154838296,-0.0065093475685356625,-0.011695741702847625,-0.018794894393650154
2020-07-08,0.023023135856345703,0.00913979192080462,0.021754309165079415,0.026637631211038765
2020-07-09,0.004291248836490349,0.009966321646016685,0.006976595408712632,0.032418003431597016
2020-07-10,0.0017476490900485905,0.013310861538481973,-0.003037619813540285,0.005442909266691453
2020-07-13,-0.004623815949358835,-0.01755394732652347,-0.03137571470440069,-0.030459227148096752
2020-07-14,0.01641276431116825,0.0056904646976507055,0.006162361395672141,-0.006464146747407976
2020-07-15,0.00685381070081419,-0.0026203038657944375,-0.001488883567665406,-0.02466286482562469
2020-07-16,-0.01238119919671573,-0.0012929544610585624,-0.020002838719945296,-0.002985648858511928
2020-07-17,-0.0020223016285275727,0.0012732032903580576,-0.00511311314142598,-0.012724365220700149
2020-07-20,0.020854956250638452,0.030508496562894623,0.04208339957009422,0.07630823511693882
2020-07-21,-0.013897732739071078,-0.0050774259748961464,-0.013560602430006579,-0.018484694634580835
2020-07-22,0.0028051322386215298,0.005723181861450106,0.014269134586302029,-0.012305027339411448
2020-07-23,-0.04658487255878575,-0.03122019379844112,-0.0444690916773043,-0.03725419917985109
2020-07-24,-0.0024804081860092695,-0.005646332684265195,-0.006140867964558803,0.007458986752838637
2020-07-27,0.023423806760957268,0.013971518922559777,0.012588031770875172,0.015270459525145965
2020-07-28,-0.016564043502695157,-0.016999579748824708,-0.009017713067510126,-0.018126069617507432
2020-07-29,0.018987013032693907,0.013121502764387128,0.010047392852873102,0.011004699826417956
2020-07-30,0.012027887640491296,0.009706388941944432,-0.0007846233047327546,0.0060308083157400725
2020-07-31,0.09956346253114214,-0.03332386523302208,0.005429196337835,0.036294147981264194
2020-08-03,0.024885376217426224,-0.003494200159154909,0.05471638828556943,-0.01682166001089732
2020-08-04,0.006655812334000223,-0.006400600974184135,-0.015122393268960341,0.008619861276316521
2020-08-05,0.0036180875495451684,0.003922311185555094,-0.0016424464987966577,0.020871316739287018
2020-08-06,0.03429440330536009,0.017332620035257585,0.015887247375852214,0.0062115284906952865
2020-08-07,-0.02299806137738025,-0.004381588366363899,-0.018049688346606505,-0.01800293843304236
2020-08-10,0.014430078567352119,-0.001035249403033226,-0.020108460243411813,-0.006111826385309402
2020-08-11,-0.030191086754230455,-0.010935891337618298,-0.023663304330532747,-0.02167112480516848
2020-08-12,0.03269422062874688,0.017873223658007524,0.02816681461317594,0.026133573522779383
2020-08-13,0.017542755299003638,0.006223796701214268,-0.0023450559598847307,-0.0003859062604570367
2020-08-14,-0.000891781877829166,-0.007956865174005269,0.0009577175947572033,-0.004121037907113718
2020-08-17,-0.002614224966222827,0.007686553800609239,0.006584525260547779,0.010865072977043023
2020-08-18,0.00829840991185367,0.025743307679882064,0.005737631981265103,0.04006138810950659
2020-08-19,0.0012538081553757953,-0.0072055494003674175,-0.006085416122796117,-0.015825714532805114
2020-08-20,0.02194702463143489,0.020277202603833165,0.02300487476444337,0.011250743012291311
2020-08-21,0.05024857319987101,-0.00043150434723324913,-0.0072969068418874536,-0.003843813244746528
2020-08-24,0.011889337153945384,0.0060619839162404255,0.003140717411917538,0.006899163550113672
2020-08-25,-0.008237545000245206,0.012974240665619167,0.012925295547517755,0.01173146611135582
2020-08-26,0.0135073400658837,0.023557933614382225,0.021389416443918743,0.02809711446991023
2020-08-27,-0.012026420838603951,-0.00953965419277295,0.024256831256410483,-0.012233678809977448
2020-08-28,-0.0016213127533308762,0.0066770863303192264,0.01023082581768142,0.0005292501453169122
2020-08-31,0.03335003956686569,-0.006056969991716363,-0.014875777624093652,0.014347795491567642
2020-09-01,0.03905956389804187,0.015557575099836475,0.0076855407385253306,0.013858994770032553
2020-09-02,-0.02093579191042224,0.036956474207695385,0.019088981228681842,0.009197048337934825
2020-09-03,-0.08344779712148721,-0.05252640072341677,-0.06394880901102673,-0.047389460231042485
2020-09-04,0.0006614770696386737,-0.030088820747512783,-0.014135360332082132,-0.022028208040287028
2020-09-08,-0.06966622029535453,-0.03711444422685747,-0.055613700702086134,-0.04493916629572862
2020-09-09,0.03911143439973053,0.015390298770597926,0.04170157210646518,0.037013109131374684
2020-09-10,-0.03319044909847232,-0.013783691436404155,-0.028418020023119533,-0.029022560577017922
2020-09-11,-0.013215634791239586,-0.0067656722363746485,-0.006546339203369553,-0.0187214757293059
2020-09-14,0.02955859875302281,-0.004582614849108178,0.006741105547445045,-0.004261050710177225
2020-09-15,0.0015591123163017392,0.017274044313566023,0.016273077628367133,0.016986906487693396
2020-09-16,-0.02995798077241494,-0.015115596808527027,-0.01802749736718202,-0.02503409881608985
2020-09-17,-0.01609219743997587,-0.01670542258605758,-0.010491148259871479,-0.02279449983567252
2020-09-18,-0.03223433196825945,-0.024472457668053473,-0.012496992060353942,-0.018049831297685878
2020-09-21,0.02987526083903935,-0.014542501276389577,0.010671738746895242,0.0018798451658920037
2020-09-22,0.015593514451806229,0.02054053554301059,0.023808285256358964,0.055362197019776946
2020-09-23,-0.04285119252707283,-0.03515602944695039,-0.03348263009108406,-0.04214463095521935
2020-09-24,0.010216500177654266,0.009511910794494876,0.012878596141094684,0.0066217097971920415
2020-09-25,0.03682936334927034,0.01132129052660808,0.02253093237967761,0.024642604582375296
2020-09-28,0.023588590563669944,0.013528115052496271,0.007764773755114752,0.025178461064278568
2020-09-29,-0.007596757692510884,0.005033134103996607,-0.010463256987751643,-0.00923261654532486
2020-09-30,0.014963249450030129,-0.00028667166171303317,0.014703682924576624,0.0012233973846267278
2020-10-01,0.008426591964446188,0.015100889756328348,0.01007593373593117,0.022773457377156782
2020-10-02,-0.03281254224018057,-0.02194751392523892,-0.02995561712223877,-0.030338326155417573
2020-10-05,0.030326503048385044,0.018534327395767176,0.020117527654309637,0.023466537334268914
2020-10-06,-0.02908863155277924,-0.02168566307767339,-0.021476370755398815,-0.03151160525254176
2020-10-07,0.016824835367993028,0.005580598712728058,0.018858410980025195,0.030413812448158245
2020-10-08,-0.000956178352014711,0.016509590861326983,0.0035681658409832534,-0.0016097349459189387
2020-10-09,0.017246184977989184,0.018050512123009937,0.024532566519810152,0.02967554216621051
2020-10-12,0.061584725461135956,0.035216341256419786,0.02557278365954628,0.0464540159772508
2020-10-13,-0.026885685672941664,0.0015837662253109235,0.006572501652135133,0.0002033158031418585
2020-10-14,0.0007430712643665709,-0.002319150087355399,-0.009014584188191673,-0.023481628688544316
2020-10-15,-0.003968727077401285,-0.005110632132475097,-0.00544817596379744,-0.007478033616218114
2020-10-16,-0.014099318181831771,0.007831677918212028,0.0,-0.01994812848396483
2020-10-19,-0.025873803549514945,-0.024374447821264637,-0.025077384289356217,-0.020216949722746604
2020-10-20,0.013105602005539339,0.013716306665418267,0.002005219713770249,0.0030508956211158598
2020-10-21,-0.005461065325083568,0.022257452340137998,0.0006987143421123464,-0.01001890884724982
2020-10-22,-0.00962976232021757,0.012948671030586684,0.00041877180254087427,-0.002684886825932588
2020-10-23,-0.006152762757065965,0.01624905634552952,0.00621653042564868,0.008776346822349299
2020-10-26,8.714593684511222e-05,-0.03027010989991787,-0.028854305695912772,0.0008235515832760146
2020-10-27,0.013382218508134192,0.009167020138321156,0.014976924630193041,0.02442300268945314
2020-10-28,-0.04741875513374927,-0.05666416296386105,-0.05083707862568199,-0.038319991707740156
2020-10-29,0.03638034747149897,0.030044576433157204,0.010015031146252589,0.015134134911874026
2020-10-30,-0.057648301189958,0.03733803365942102,-0.011051429289855598,-0.055995337191590895
2020-11-02,-0.0008269091901066975,0.005067382189398579,-0.0006916343792372401,-0.010485731675678473
2020-11-03,0.015236809519046433,0.013052173779962817,0.02006104758805945,0.014515652838803237
2020-11-04,0.04002476938561973,0.05910015634815771,0.04712125413816166,0.06131112770815112
2020-11-05,0.034878434715757835,0.009491624709563731,0.031388796411028486,0.024635765802841537
2020-11-06,-0.0011367066353855215,-0.001572856777352136,0.0019239888954931507,-0.0032050668056014093
2020-11-09,-0.020170114483463626,0.0009598511331536225,-0.02411291405680126,-0.0519488297063862
2020-11-10,-0.0030135904193283156,-0.013546270145692733,-0.03437693014342945,-0.03519509049367411
2020-11-11,0.02990128098552388,0.005457783110071581,0.02591617423910457,0.03317322672809136
2020-11-12,-0.002346183096427951,-0.0025272379900385215,-0.005139209682712311,-0.008678484699991355
2020-11-13,0.0004196937730047636,0.01675113024707808,0.004954463644847648,0.005939975842648188
2020-11-16,0.00868237449306256,0.000998103824388762,0.0033197774754028194,0.0007187867984453675
2020-11-17,-0.007593175942627128,-0.006997185258547467,-0.012833538980338068,0.001468143007621713
2020-11-18,-0.011456511198830528,-0.012003679397173457,-0.013271183081683471,-0.009677888280344956
2020-11-19,0.005154714259738328,0.010248104000719519,0.006328081042072786,0.003715583547472407
2020-11-20,-0.011017925625056348,-0.012698470570003844,-0.0096023958995441,-0.0056688516272875725
2020-11-23,-0.030193824154461806,-0.0050924056874118015,-0.001331851644723532,-0.0003259651773973119
2020-11-24,0.01152744382633092,0.02081721481084488,0.017690431110569376,0.006328425701275153
2020-11-25,0.00743938517347577,0.00013029701815946002,4.677007116332047e-05,0.021263218006347694
2020-11-27,0.004814815668407491,0.012891833913049565,0.006338738463249676,0.003219256968037136
2020-11-30,0.020880055581043697,-0.01842259009070496,-0.005404167534001623,-0.008580433078829422
2020-12-01,0.030361708138695313,0.023078666856489023,0.00994734400178035,0.0162931356533559
2020-12-02,0.0029292612574063417,0.01635800135658971,-0.0038927596123038244,-0.00515287341781244
2020-12-03,-0.0011381873558206686,-0.0017165473882428234,-0.005260644016412628,-0.005257991204430573
2020-12-04,-0.005628129550997795,0.0010533481693407178,0.0005601757773072044,-0.007607189417695092
2020-12-07,0.012195113012815374,-0.0036970369210415446,-0.00032668777876158184,-0.001449259101838023
2020-12-08,0.0050780466072934734,-0.0031418636809625706,0.00799445216004315,0.0060897673194401595
2020-12-09,-0.021125316782074712,-0.0186510320860894,-0.019682319390124773,-0.023272568006966705
2020-12-10,0.011917675302702104,-0.005759420257889107,-0.0060619213033973685,-0.0008734778193995013
2020-12-11,-0.006757758163150343,0.004036736550908747,0.012931549981956957,0.004802302959357711
2020-12-14,-0.005159917139551706,-0.012781419310308838,0.00439798028617067,0.012927776593180737
2020-12-15,0.04887617279547052,0.005020978037871627,-0.00032685766374965767,0.0025782705182143205
2020-12-16,-0.0005476322979489194,-0.0022114131333461308,0.02376624469509855,0.023678659082595685
2020-12-17,0.006939562188923808,-0.009537657884796689,0.0006383352144936409,-0.001506881775001751
2020-12-18,-0.015977759570349227,-0.008244264735999306,-0.003790013800429456,-0.010696397444651836
2020-12-21,0.012319196063141871,0.004819853835686525,0.01813378648099742,0.001413904523066775
2020-12-22,0.028066946624014943,-0.008301688918629811,0.006046577705232144,0.00010602891458408637
2020-12-23,-0.007000606739014768,0.004645684648990865,-0.013124931941060534,-0.006649178948489452
2020-12-24,0.007682497088029896,0.0034253258863695445,0.007796941773096812,-0.003957235360226408
2020-12-28,0.035141094086906216,0.022691224070582102,0.009872433910159375,0.034470151618254896
2020-12-29,-0.013404233957466753,-0.009174057380597673,-0.0036071833009132664,0.011517048584034767
2020-12-30,-0.008563103396903755,-0.012312627191218116,-0.011080465735871771,-0.01094170357368153
2020-12-31,-0.007732709714049979,0.00939563027530451,0.0033324816877918417,-0.008840331459923346
2021-01-04,-0.02502981053421118,-0.015241324858316592,-0.021495440430051745,-0.02182109847190733
2021-01-05,0.012287773145698198,0.008031919625069247,0.0009642297529602427,0.009954646073317086
2021-01-06,-0.034240830554015673,-0.009916580973824455,-0.026271428724633172,-0.025211776834210834
2021-01-07,0.0335538819309418,0.02943128738504929,0.028059792676611562,0.007548565530855581
2021-01-08,0.008594346303770069,0.013151895346309426,0.006074307352433722,0.006474509430722278
2021-01-11,-0.023523615403697646,-0.023376858464428985,-0.009745996736664484,-0.021754382256951105
2021-01-12,-0.0013963805832969973,-0.010796598007457747,-0.011840474141724485,0.002123540741920703
2021-01-13,0.0160965219837038,0.005636243568767437,0.006538923738869158,0.014335165650269394
2021-01-14,-0.015242737204258776,-0.009390310252973533,-0.015465244275224915,-0.01220978211670719
2021-01-15,-0.013825738926740168,-0.001908254760157201,-0.0017385688128982958,-0.007452299659631569
2021-01-19,0.005412247938268953,0.032376706788504135,0.0176658358306972,0.005304424924284414
2021-01-20,0.03232786771407076,0.052187677982471724,0.03584947472590761,0.044686981065348005
2021-01-21,0.036002353293395226,0.0021676555613074494,0.002804218780771785,0.01327491862890803
2021-01-22,0.015946222659384397,0.004453680967070751,0.004346837047113971,-0.004473303364494828
2021-01-25,0.027307487102210065,0.0009084108713974296,0.015719783681291184,0.0005374909810066927
2021-01-26,0.001677843825104841,0.007190463574560837,0.012125082531186361,0.009706872588035214
2021-01-27,-0.007713405573892826,-0.04777535830913717,0.0024503265591049694,-0.028528919404602372
2021-01-28,-0.03561174843561315,0.01865993025370919,0.025561652338392787,0.001557905206109897
2021-01-29,-0.03813887036031382,-0.014041653515957016,-0.029605795116924263,-0.009752051571646207
2021-02-01,0.01638499064511858,0.03532769241502782,0.03261464749723872,0.041746274050055085
2021-02-02,0.0063170498901730515,0.013666827869490271,-0.0005845009579754306,0.011043015400718599
2021-02-03,-0.007808763823720968,0.07029538866297874,0.014466173449044736,-0.020163489626646183
2021-02-04,0.025431334691569565,-0.0025531327834840117,-0.004082294337241053,0.00556035766663457
2021-02-05,-0.0031025992338694864,0.016995174331525194,0.0007849125376615248,0.0063293425623789645
2021-02-08,0.0010957848499403326,-0.0020655955556502415,0.001114108561733983,-0.008751967758836224
2021-02-09,-0.00659543971406349,-0.004389487452458163,0.005347184838856206,-0.005413479034808956
2021-02-10,-0.004568480273322717,0.005329305053226926,-0.0039047179380020257,-0.005588994815406755
2021-02-11,-0.0019222485991515308,0.0010874559623892089,0.0068541136375733,-0.007467083315264711
2021-02-12,0.0017742654074597178,0.0030019480143733115,0.0020428420298093633,0.004764600739063575
2021-02-16,-0.016234919805118767,0.007451957983222687,-0.0052793756458599204,-0.002676197092374675
2021-02-17,-0.01780129487426733,0.003745143813570561,0.004350023090104614,0.012068471325383062
2021-02-18,-0.008673903612830956,-0.006064774517470701,-0.001680558953502579,0.005903355134450001
2021-02-19,0.0012324422279040355,-0.008105588827137588,-0.011634531093420577,-0.023816428691007405
2021-02-22,-0.03025196840698177,-0.01667884838920738,-0.027174156834442527,-0.02151030634661799
2021-02-23,-0.0011117524113751873,0.002848470705978909,-0.005301836847489586,0.004316729031036398
2021-02-24,-0.004060332735300285,0.011433840867958763,0.005472176332871361,-0.011007327640787778
2021-02-25,-0.03540199735646514,-0.033107400903531266,-0.02399027889483012,-0.03293690001850802
2021-02-26,0.002229205728645157,0.002951916081887195,0.014695826346819221,0.011632467716052848
2021-03-01,0.05245104194941595,0.023341747320043696,0.01943275691003079,0.017057488725899683
2021-03-02,-0.021114667298554705,-0.0025058813662010536,-0.013041556791215742,-0.016540301818484742
2021-03-03,-0.02476086676668314,-0.026042396880733162,-0.027351434811574173,-0.029358478249911932
2021-03-04,-0.015937901324428058,0.011133979692890907,-0.003654249207621476,-0.009170074897274566
2021-03-05,0.010680984331621388,0.030571110954010026,0.021252048401145744,0.007658083796422065
2021-03-08,-0.04256684148003952,-0.043650888546269744,-0.01834513623429813,-0.016299583149453855
2021-03-09,0.03984526332137527,0.016236083043891673,0.02771391141039566,0.036879873274693574
2021-03-10,-0.009208999745110587,-0.002045824497951985,-0.005834507279861593,-0.0017024656850275469
2021-03-11,0.016368037379548225,0.03111400935038428,0.020062456884953752,0.018133028189585527
2021-03-12,-0.007654660926414203,-0.02435465101143129,-0.005836300664733228,-0.0077703841773409145
2021-03-15,0.024162614083366517,0.002163536482965284,-0.003995482039923893,-0.002531144890792291
2021-03-16,0.0126621945487754,0.014233073119051245,0.012274715224653399,0.0032979661178309406
2021-03-17,-0.006471340911069114,-0.0008018145585736944,-0.0028225679387113337,0.014089129048404545
2021-03-18,-0.03449332912647821,-0.02967396126060841,-0.02702399996738073,-0.03496292546552067
2021-03-19,-0.004490225432698853,0.0027764802390414806,-0.0016049065675826546,0.015392830040768038
2021-03-22,0.027941715978077684,0.0018384665478765252,0.02418954803376335,0.011610547696605156
2021-03-23,-0.006912528211149163,0.0052260205045366595,0.006715012172312736,0.008523856571831514
2021-03-24,-0.020196151611157332,-0.004320260982362877,-0.008963429852122451,-0.016203881085462144
2021-03-25,0.004154933017729548,-3.446993926833558e-05,-0.013339285901483228,-0.013307791454017294
2021-03-26,0.005128251221363124,-0.003810423706885609,0.017661888303383083,0.0018923206745425616
2021-03-29,0.0014839927087671781,0.010347558132977911,-0.005257351386803006,0.007735312514846097
2021-03-30,-0.012350395840074897,0.00033241564545826276,-0.014515583263528233,-0.006667777807782873
2021-03-31,0.01859168485495347,0.0078120457556804974,0.016765966681914338,0.012616087083554913
2021-04-01,0.006934458365037751,0.03209017213385369,0.02752618793672222,0.021397878158709596
2021-04-05,0.023303604325462236,0.04101995622855311,0.02735112102473298,0.020580800847156144
2021-04-06,0.002459323921948415,-0.0043810364523831575,-0.00486988703012915,-0.0009022971624071701
2021-04-07,0.01330138213434248,0.013385170175960335,0.008196726707710584,0.01709045911872312
2021-04-08,0.019051195419026088,0.005078690199528721,0.01331643520954558,0.006052887214350471
2021-04-09,0.020049090527478636,0.008953546506387414,0.010214128641589607,0.021855051421528913
2021-04-12,-0.0133214177257414,-0.011538777887324688,0.00023443816066155145,0.002129852126864464
2021-04-13,0.02401592689437242,0.004360966450902917,0.01003103971897931,0.006080225513606812
2021-04-14,-0.018014379694439475,-0.005568917540880951,-0.011282301845370758,-0.019902668921269934
2021-04-15,0.01853479785419358,0.019147148814837436,0.0151820867134267,0.013733669660684043
2021-04-16,-0.002530836178554835,-0.0010945191358936602,0.004767024762411685,0.006004280530908502
2021-04-19,0.005055747690968869,0.003066148801926407,-0.007700140378347324,-0.008101740463144907
2021-04-20,-0.012912650166864907,-0.004705828686107699,-0.001856742562467786,-0.011129268476364956
2021-04-21,0.0029253081557048645,-0.0002895909340990622,0.008943219444333704,0.008162267510845943
2021-04-22,-0.01175435386109242,-0.011402114426867426,-0.013172589240626918,-0.015883879438343667
2021-04-23,0.017877885473279006,0.020829241999757074,0.01535783089784751,0.009576191314045886
2021-04-26,0.0029737004711503476,0.004338460881901853,0.001530047817747389,0.020184691912166108
2021-04-27,-0.0024528562957515814,-0.008237478625477053,0.0016046281505386587,0.0024698649221989518
2021-04-28,-0.006045107467691864,0.029275100567430743,-0.02869333010812678,0.011946146532530181
2021-04-29,-0.0007491122151958912,0.014192583366598097,-0.008085779849105766,0.003697092085053035
2021-04-30,-0.015248932985274351,-0.01654374192755232,-0.0013078188274654136,-0.0011212645540177846
2021-05-03,0.00818188468293162,-0.004437295088379597,-0.0012697184903528512,-0.02361686640013657
2021-05-04,-0.036026827050732506,-0.01559210187907532,-0.016291703361888656,-0.022280927908247625
2021-05-05,0.0019537056577156615,0.0034361659451433908,-0.005341229060895446,-0.012557955081461925
2021-05-06,0.012720987511341153,0.009707435344690886,0.013139968663827776,0.010895826077640012
2021-05-07,0.0053135804486295485,0.006218329520085643,0.010872624202609977,-0.004474051509126132
2021-05-10,-0.026143534566531547,-0.025920478932848483,-0.021136300149842222,-0.031202294199865952
2021-05-11,-0.00743804090962699,-0.009509462431909399,-0.0038507086770990266,0.010420336143649124
2021-05-12,-0.025254480980361066,-0.03123534618979977,-0.029802354221761106,-0.022576744303825176
2021-05-13,0.017760888313001245,0.01300009841258616,0.016721222138699636,0.0030189822880309276
2021-05-14,0.01965029242864462,0.021893685747572448,0.02084859638326417,0.019244482527551766
2021-05-17,-0.009301409594728029,0.0046153734010683355,-0.012040908435694728,0.01462764646007257
2021-05-18,-0.011309511670243055,-0.011622930734457916,-0.008601872763851014,-0.011721487581113643
2021-05-19,-0.0012822964998650405,0.003983293807826857,0.0024709762643604373,-0.00014852585753418506
2021-05-20,0.020794205651840408,0.015485917795715553,0.013725690274529061,0.004901676923524499
2021-05-21,-0.014877156152356649,-0.005572709650948953,-0.005328880762043223,-0.013828021471269424
2021-05-24,0.013226339248495766,0.028748599600844207,0.022623991102242967,0.0129993563234214
2021-05-25,-0.0015746797654205213,0.0007747210042265434,0.00374153177843335,0.004323491452926749
2021-05-26,-0.0003941500693807179,0.007353886528809997,-0.0009143075924433016,0.0018730010825371592
2021-05-27,-0.012454110760330005,-0.007434192852937281,-0.008706061824579319,-0.010792589148289969
2021-05-28,-0.005362244884767496,-0.0024706661398738524,0.0014829536672915933,-0.002181807353604432
2021-06-01,-0.002651836960183691,0.010270189063813138,-0.00917367130707671,-0.0013723560569097765
2021-06-02,0.00625640992982599,-0.0044572792261104695,-0.00040425490188040114,0.004754641593085972
2021-06-03,-0.01222843831253257,-0.009753898938195643,-0.00645013866250157,-0.014633490299348802
2021-06-04,0.01884338595033215,0.01940086831050007,0.020463839562387627,0.0060095641643640885
2021-06-07,7.949329575050605e-05,0.0036407631085933452,0.01197015734689421,-0.0025639767739557943
2021-06-08,0.006649738324242286,-0.0016080463242192642,-0.004897660310063819,0.02045844509486988
2021-06-09,0.0030724399320571343,0.003953101060442958,0.004030272771006009,0.005206770515708458
2021-06-10,-0.00805570196186412,0.011228482498566021,0.014290780403750196,0.020661910893956897
2021-06-11,0.009784779134990238,-0.002026588863458701,0.0025237835590597134,-0.0008421810689315857
2021-06-14,0.02428080646110643,0.007669535568502231,0.007725232617739579,0.011006334685231454
2021-06-15,-0.006458576935737566,-0.008414559469657443,-0.0059044790063359385,-0.00021872359760794925
2021-06-16,0.003926011170594628,-0.005342900561183073,-0.0038002906110679007,0.009449397061352359
2021-06-17,0.012522467906658574,0.008007816921165903,0.013583405103490438,0.02143330072900694
2021-06-18,-0.010143194012891509,-0.013500098244918402,-0.005650342347607616,-0.000670883305820527
2021-06-21,0.014005398090104263,0.014066638814007932,0.012259447660019887,-0.009491708765252797
2021-06-22,0.01261834141372668,0.004243407023524313,0.010906346608632966,0.014794678093753032
2021-06-23,-0.002091816507394249,-0.0016648834873342908,-0.0009042134454683693,-0.00046229652298874693
2021-06-24,-0.0021712725269142762,0.003049482333075469,0.005338630077359966,-0.015746270765313524
2021-06-25,-0.0022513549320557946,6.94179263262573e-05,-0.0062815883968066945,-0.013902758645549816
2021-06-28,0.012467494468379779,0.0002244622054886743,0.013864552136018234,0.012396928694551673
2021-06-29,0.011434825585064371,-0.0021527104127615476,0.009923663188972316,0.0012332733462509843
2021-06-30,0.004610835866831098,-0.0014977231545868154,-0.0018436839334012268,-0.0023169853895690052
2021-07-01,0.00226053384418122,0.002903494102823442,0.0025805098516556413,-0.002092189192267082
2021-07-02,0.019406760033737515,0.022713630727516244,0.02203108200328081,0.02246941064938596
2021-07-06,0.014611442055171087,0.007417125000431038,3.614431387334362e-05,0.04585930904650017
2021-07-07,0.01779591880406955,0.002248017514014081,0.008141958481785675,0.0056535525885647525
2021-07-08,-0.009242270176011817,-0.01137113562269349,-0.009006701638473264,0.009378115281815287
2021-07-09,0.012970524749877045,0.0037876271268973923,0.0018721534046044562,-0.0032399471675578434
2021-07-12,-0.004212458000867599,0.011541009558487851,-0.002232940723825087,-0.00021237069203446337
2021-07-13,0.007858311522741182,0.002878193910635607,0.013111662363349437,-0.011138754050319735
2021-07-14,0.023814465509112002,0.00700772216013477,0.005430263806498497,0.0011740849089997769
2021-07-15,-0.0045021352717194785,-0.00965368362846386,-0.005252597977878755,-0.013806009042966375
2021-07-16,-0.014175863109572175,-0.00027555136383680586,-0.0009970043361408245,-0.015981254351190455
2021-07-19,-0.027282998103451372,-0.0190188341892678,-0.013410666764498173,-0.006749758546577603
2021-07-20,0.025642090443105774,0.013011188220759536,0.00830437256022228,0.006626609097477396
2021-07-21,-0.005144924251976332,0.010557361073809536,0.007418868087095371,0.0033554749445127334
2021-07-22,0.009582440544333354,0.006817160278484377,0.016704257588436185,0.014628121323517897
2021-07-23,0.011917797081126396,0.03514413632401705,0.012261199615979528,0.005102345801164877
2021-07-26,0.0028904813896818197,0.007639075581477884,-0.0021428596820940735,0.011739458318775493
2021-07-27,-0.015012446044767713,-0.01605679119144742,-0.008721614994759472,-0.02004647134574264
2021-07-28,-0.012271142725256534,0.03130161902275207,-0.0011170689893431598,0.0010831503488784933
2021-07-29,0.004542234539383869,-0.0023284129153642143,0.0009779593998770837,-0.00840919910387896
2021-07-30,0.0015095405629723777,-0.007770545560285976,-0.005565644154143701,-0.07866330887549154
2021-08-02,-0.0023340439650081316,0.0009494911361435325,-0.0003157319030082566,0.0011683541547145397
2021-08-03,0.012565140307800161,0.005734280112436465,0.00804284575263951,0.010379692962522098
2021-08-04,-0.0027863911160155626,-0.0037265640746993577,-0.002126994347843862,-0.003428109147843768
2021-08-05,0.000748592491414864,0.00829834612752774,0.010450937318167524,0.006320347457217287
2021-08-06,-0.004778370079838678,-0.003772125606561918,-0.00020712510430309075,-0.009239891315900388
2021-08-09,-0.00034243154813576386,0.00861535856273086,-0.003911488468725664,-0.0009181548153357011
2021-08-10,-0.0033596274845861434,-0.0007744882032400337,-0.006576439212635136,-0.006361004973165342
2021-08-11,0.0017842352506321011,-0.0038669206229175936,0.0017787213226469751,-0.008640868502137664
2021-08-12,0.02056024191369827,0.006691763042663486,0.00991756004889315,0.0034538388189029033
2021-08-13,0.0014096380218507607,0.0038810054772182153,0.010435250742165583,-0.0028889970825907705
2021-08-16,0.013456716186758175,0.004216978734096209,0.005957655822966226,0.0015227871766333222
2021-08-17,-0.006172836413470311,-0.011986915434438172,-0.005172913964589795,-0.017438191452478862
2021-08-18,-0.025831886450275586,-0.008911755693497784,-0.00613785888592654,-0.012646113476257194
2021-08-19,0.0023203863871375826,0.001703746380919265,0.02056220648433599,-0.004216696494284563
2021-08-20,0.010105663168756092,0.012812127078052318,0.02525397060708779,0.0038198497898503034
2021-08-23,0.01020497982349399,0.01882758504462963,0.0009522742426642146,0.02039103748353467
2021-08-24,-0.0006017982931497046,0.008673948894928861,-0.00668566848111766,0.012146253464241655
2021-08-25,-0.008456590245917413,0.005770599895290439,-0.002017638923095731,-0.0019985098458953207
2021-08-26,-0.005542568690749453,-0.004504095194809026,-0.009715624454318955,0.005085305152845157
2021-08-27,0.007158735965541945,0.017961861577776097,0.002104158149331508,0.010090674197310714
2021-08-30,0.02996394451435281,0.0040645770643091975,0.01282937950143155,0.021249618004886027
2021-08-31,-0.008460582981751875,0.0007397134340880408,-0.005648431982408588,0.014282714711431693
2021-09-01,0.004468466341830464,0.003573477803962354,-0.00016581067641006933,0.0023626160329893353
2021-09-02,0.007447493745433144,-0.013369185930090998,-0.002255303770883034,-0.004574927931495782
2021-09-03,0.004221334111790578,0.0031530313482925174,-3.3366230901206235e-05,0.004301820154126882
2021-09-07,0.01537064724743167,0.0037565690840278398,-0.003192879154063063,0.008941925919554996
2021-09-08,-0.01013523541797619,-0.0040940714892768815,9.988917993242289e-05,0.004608538783881409
2021-09-09,-0.00672701917273332,-0.001044445175326488,-0.009908518247213623,-0.011795296134862758
2021-09-10,-0.033662078994572214,-0.01874062747714055,-0.005194322470933448,-0.004317307606338972
2021-09-13,0.003885775260965141,0.010285869326937615,0.004319302355470088,-0.0034592661286029646
2021-09-14,-0.00960801142256694,0.0014880963152642667,0.009383654045017445,-0.0020761346389200496
2021-09-15,0.006124841636977275,0.013137465193308433,0.016639132554685708,0.007447589064120205
2021-09-16,-0.0016119196461863686,-0.0056903279331487365,0.0013112712661965528,0.003575505609499879
2021-09-17,-0.018518010960946397,-0.019760662470782887,-0.017683673289061837,-0.007400637151307249
2021-09-20,-0.021592718694804884,-0.014886457385509234,-0.018749438791481332,-0.03132736193754281
2021-09-21,0.0034219318042005673,0.0022572068167487874,0.0016976199803251635,-0.0036122637458179565
2021-09-22,0.016731574745379757,0.008953906421560373,0.012740541270416078,0.010833453848678572
2021-09-23,0.006697078639486095,0.0066255083137497965,0.0032770496751206133,0.010579777062858911
2021-09-24,0.000612592518155013,0.007049363255487499,-0.0007013742188465458,0.0027829969154169873
2021-09-27,-0.010605932603857095,-0.008069756845377718,-0.017455744072275525,-0.005773469524888403
2021-09-28,-0.02408917514601239,-0.037866352187301965,-0.03687509306019319,-0.026732621677354657
2021-09-29,0.006461812654229204,-0.01092948071943514,0.001691574009443473,-0.004485396155336227
2021-09-30,-0.009355223601785126,-0.005055596067380502,-0.0073508349215279595,-0.004882981617736262
2021-10-01,0.00809421812479197,0.021220771466436816,0.025149348113711036,-0.0005420246980202862
2021-10-04,-0.0249132743620264,-0.021344104169086834,-0.02093705902423274,-0.02888485808454832
2021-10-05,0.014058891087704948,0.017528429566312842,0.01976033303845149,0.009739950346903852
2021-10-06,0.006287620196864304,0.011272511203123035,0.014952051409274417,0.012651646071788683
2021-10-07,0.009043628310143412,0.011994955382647159,0.0059187577983202105,0.012315060502089633
2021-10-08,-0.0027256370352629227,0.00401763053175992,0.0,-0.004190573462060326
2021-10-11,-0.000629831089687104,-0.006254024369691723,-0.002105013243014559,-0.012952121105274618
2021-10-12,-0.009145162350014268,-0.01790404200991857,-0.004598740105806588,0.0003172241904451794
2021-10-13,-0.00424860521720939,0.008268997120788267,0.011643004756514705,0.011314351840536129
2021-10-14,0.02002381139323408,0.025610158351540686,0.021501474594223007,0.004732543058962018
2021-10-15,0.007484378044164835,0.0015361913379646364,0.004810674953622271,0.03254486320029431
2021-10-18,0.011736873396615164,0.009924579554799825,0.010073531410978692,0.01100400576947037
2021-10-19,0.01496781511923142,0.0032096275687764565,0.0030545375475631476,-0.0007517249304827118
2021-10-20,0.003355172917552286,-0.010301645640927509,-0.002663973885425723,-0.00848206698962188
2021-10-21,0.001472842536915847,0.0008250336639937933,0.010838720124539113,0.005824760045406363
2021-10-22,-0.005298712722944306,-0.030916628046295667,-0.005162113369658199,-0.029382296136388146
2021-10-25,-0.0003364529952547761,-0.0008689470003646104,-0.003337243083726698,-0.004561377086082202
2021-10-26,0.0045645646403690565,0.013452331989948116,0.006405326947595936,0.016636110939323188
2021-10-27,-0.00315255754355332,0.048404486764988416,0.04125152771500501,0.004851848967382222
2021-10-28,0.024684229964254546,-0.0025234423278068744,0.0036447305926456605,0.01581542696620515
2021-10-29,-0.018322676725538826,0.014951370511115662,0.02216656175656319,-0.021745984346714802
2021-11-01,-0.005622885003988368,-0.031208993617467682,-0.006808122528303841,-0.01623822909338356
2021-11-02,0.007090734233955688,0.01339803162438277,0.01135116631033777,-0.0016167159617979095
2021-11-03,0.009750688335873909,0.007981979534194845,0.0026081285608187503,0.021279781969291613
2021-11-04,-0.0035046296005955308,0.01132383529568997,0.007278761862661851,0.02711146442608225
2021-11-05,0.0035759975989990895,0.003934510921494891,-0.0011300002710647513,0.012004091021206855
2021-11-08,-0.005567868769227179,0.0012018567041052388,0.0027633995218488317,-0.008564519878774466
2021-11-09,0.0024563187022321837,-0.0007552340380317015,-0.003090750744183424,0.024699674045048896
2021-11-10,-0.01934912139970064,-0.02052233290510379,-0.015448426812313669,-0.026687971077505174
2021-11-11,-0.00033813317734094473,-0.0008707654578093135,0.0049154429055140595,-0.0027463665972794556
2021-11-12,0.014235254682314933,0.019776861426178884,0.012822289154683614,0.015048234458080111
2021-11-15,6.647210422706598e-05,-0.0015212528954562407,-0.0019323368946602044,0.005806911669058077
2021-11-16,0.006644701602614418,-0.0038875721780630545,0.010184058970797813,-0.001405473377029005
2021-11-17,0.016355603759221755,0.0011557174038504905,0.0006784259513440524,0.0023413880700420314
2021-11-18,0.028136403813427906,0.01202830604261205,0.006319891086904691,0.040601497259703
2021-11-19,0.016833339345333348,-0.006105210927384711,0.005377088463655173,-0.005287066211290259
2021-11-22,0.002923252845065715,-0.017780016022936235,-0.009605614894783279,-0.02869509488188082
2021-11-23,0.0024193345878077317,-0.003560488233018938,-0.0063468500604846,0.002088774763957146
2021-11-24,0.0032779515471231652,0.0023159060602536167,0.0006810429164326167,0.00010331000315118602
2021-11-26,-0.03219082362140961,-0.027313254130627847,-0.02465725658950712,-0.021412317856405228
2021-11-29,0.021637723759854587,0.023270616503714165,0.02086229492992181,0.016136535670027943
2021-11-30,0.031089342030265123,-0.02528067960730261,-0.018105581120479722,-0.015420562086679022
2021-12-01,-0.0032114977998314444,-0.005979820414746361,-0.0015437980117305409,-0.018228623739821467
2021-12-02,-0.006148586588275174,0.013481742233974699,-0.0017891980392197625,-0.001848596514633391
2021-12-03,-0.011793866386235443,-0.006769164845274313,-0.019862887202101977,-0.013935728778151546
2021-12-06,0.021275049675868515,0.008090127716296242,0.009797013042026194,0.011025217696555534
2021-12-07,0.03483225135610089,0.028336512580565843,0.026411448127808976,0.027602038798318594
2021-12-08,0.02252765781945615,0.0062071804675544314,0.00014943946808905354,-3.689939734869626e-05
2021-12-09,-0.0029748005313732727,-0.0037048222616722416,-0.005598157580317257,-0.011343741238858878
2021-12-10,0.02762823445402334,0.002455626966926817,0.027945382402718214,-0.011311296797986634
2021-12-13,-0.020890909138856592,-0.014804701743121935,-0.009208709241584593,-0.015475202151186945
2021-12-14,-0.008055741440515102,-0.013250335937253563,-0.033130105143983665,-0.002811076756339546
2021-12-15,0.028110449959237404,0.01745528712528387,0.019035808717087585,0.024670732493370397
2021-12-16,-0.04005534567628326,-0.013723610672631987,-0.029567752991155882,-0.02597563931621664
2021-12-17,-0.006523010234866108,-0.019010370322266445,-0.003391661060544946,0.006766260845510533
2021-12-20,-0.00815531942770271,-0.0008330236140839717,-0.012086298598366506,-0.01743466066061881
2021-12-21,0.01890703782782169,0.013087768517864138,0.022807167826706953,0.01978169533389277
2021-12-22,0.01520247375013735,0.02030170215040156,0.017896183991553277,0.003631503982249459
2021-12-23,0.00363761456334852,0.003419324618061781,0.00446176561184408,0.00018411946479317587
2021-12-27,0.02271483475286305,0.006716000623538155,0.022920963101092203,-0.008211646321395375
2021-12-28,-0.005783981826276342,-0.008279282854320929,-0.003510416192791674,0.005826710732445391
2021-12-29,0.0005016758902885394,-0.00021819769939845148,0.0020492708210708673,-0.008591725101779567
2021-12-30,-0.006599809795205007,-0.003103913743343315,-0.007720899940231666,-0.003294427727342962
2021-12-31,-0.003541498294905798,-0.009266548214197427,-0.00888050222237133,-0.011495217795266778
2022-01-03,0.024696626935690247,0.000962731777063329,-0.004679099576224977,0.021877258953900566
2022-01-04,-0.012772606444728081,-0.004091403186322524,-0.017295835055965735,-0.017060289689663746
2022-01-05,-0.02696027212411307,-0.046961797675407674,-0.03914395253183581,-0.019073846316683307
2022-01-06,-0.016834319096761936,-0.00019974396926896324,-0.007933335284672528,-0.006733601858714689
2022-01-07,0.0009878651465866479,-0.0053172805085497455,0.0005094260759005343,-0.004296997177475961
2022-01-10,0.00011617658528289824,0.011988464118614343,0.00073209025167275,-0.006591854785116594
2022-01-11,0.016644624166307673,0.007661372346272228,0.002256947630180083,0.023718602439306714
2022-01-12,0.0025666667693689848,0.012053496297087383,0.010390839469551718,-0.0009377696670975312
2022-01-13,-0.01921129093567673,-0.020309909539914964,-0.04324440255018666,-0.024466534551061184
2022-01-14,0.005097643464926221,0.006426374115730686,0.017561419324233142,0.005715124523055335
2022-01-18,-0.019074905522528166,-0.0252846528350967,-0.02464018199273867,-0.02006265472349509
2022-01-19,-0.02124896177345332,-0.006502553166370825,0.002244204400873483,-0.016614359071245203
2022-01-20,-0.010400931331486452,-0.013479045336262664,-0.005719690619379498,-0.030080217077818206
2022-01-21,-0.012847369377623303,-0.022423790898521166,-0.01864083109002124,-0.06134555364691525
2022-01-24,-0.004876325740079845,0.003465265046832013,0.0011477714514947183,0.01323896043083007
2022-01-25,-0.011449780425026007,-0.030024883664733378,-0.026947888917310536,-0.03204163984338447
2022-01-26,-0.0005635257392574456,0.017941818141500157,0.02809466339710444,-0.007986135126473034
2022-01-27,-0.0029472443867013774,-0.001765830668558558,0.01049397675722469,0.005493528624727967
2022-01-28,0.06745065047236837,0.03313376403272802,0.027694427628032696,0.030610731040560255
2022-01-31,0.025790120764564137,0.014535704720863503,0.008785052981024182,0.038127433338896885
2022-02-01,-0.0009729278053386942,0.01715008785159216,-0.007164347264173576,0.01077253018259915
2022-02-02,0.00701939451263945,0.07254164514827947,0.015107376981641354,-0.0038501180924552735
2022-02-03,-0.016861009225664976,-0.033738513656906395,-0.039731142453753414,-0.08134849507057183
2022-02-04,-0.001680759357810939,0.001417716649647275,0.015448518326724916,0.1269489157684572
2022-02-07,-0.004243303253496685,-0.02897240304731898,-0.016444893664691373,0.001875974577811346
2022-02-08,0.018298129152425638,0.001421365889663397,0.011923788922866618,0.02178265381683596
2022-02-09,0.008259627911928925,0.015609140767454137,0.021599990286808753,-0.0013886979453967615
2022-02-10,-0.02388187653123463,-0.02121332757833658,-0.028783437117099093,-0.013654506185153747
2022-02-11,-0.020425465597937682,-0.03179044845792703,-0.02457342936112867,-0.03657177570139793
2022-02-14,0.001422036790695364,0.009217737330186241,-0.00013566630215799673,0.012147601490993106
2022-02-15,0.022888619388316947,0.007955692122131364,0.018372506190124413,0.008621083638872947
2022-02-16,-0.001390106142498912,0.008234173685786963,-0.0011678311206216206,0.010107783346743868
2022-02-17,-0.021498513245818168,-0.038476527739580636,-0.029719257381195796,-0.022050230393006458
2022-02-18,-0.00939964967988212,-0.01624716726093707,-0.009678075670280322,-0.013350682834785058
2022-02-22,-0.017972924250837012,-0.004530987573420926,-0.0007293939967171264,-0.01587889987657254
2022-02-23,-0.026204738747301382,-0.01729244601205701,-0.026234438995204425,-0.03641116014436802
2022-02-24,0.01654269177967703,0.03921674857838835,0.04983111268709314,0.04410800497645022
2022-02-25,0.012882103893982241,0.013240092451042403,0.009191021233003529,0.01593036537376894
2022-02-28,0.0016364906372639228,0.004433811874142577,0.004965456420229733,-0.0014673390183547882
2022-03-01,-0.011695870151370847,-0.007398353661085181,-0.01293504467065457,-0.015891148369833387
2022-03-02,0.020379124971002253,0.0037970735039841376,0.01760968346655155,0.006006111112644554
2022-03-03,-0.0019832790232617264,-0.005006077756050025,-0.014326405287588252,-0.02769967430173762
2022-03-04,-0.0185798639732543,-0.014996346478496198,-0.020691188941748633,-0.015381483821486462
2022-03-07,-0.02400331746883731,-0.04281185877150509,-0.03850879873820071,-0.05786267214586164
2022-03-08,-0.011745128328227852,0.005728304060890922,-0.011031883202415676,-0.010520594620232346
2022-03-09,0.03439940867296358,0.04849234473496683,0.04483782774011145,0.023717698424230754
2022-03-10,-0.027562574889754093,-0.007451414904794932,-0.010137921577326906,0.052711186532696214
2022-03-11,-0.024199302080276007,-0.019512759930074113,-0.019517569560879282,-0.008845856240147519
2022-03-14,-0.02692157476478536,-0.03064499777771407,-0.013045785917696619,-0.025553208143987614
2022-03-15,0.029245440977800817,0.02545319823087263,0.038010948907896164,0.03813139923769891
2022-03-16,0.028602573011245365,0.031109931766814407,0.024900441047406248,0.03819476755459102
2022-03-17,0.006433166436171586,0.004181524242786003,0.0028155088537437844,0.02664947618554765
2022-03-18,0.020703108771253403,0.016939825782950918,0.017494093565373698,0.025192147663773066
2022-03-21,0.00850160087576505,-0.0001763132519891268,-0.00423617407764592,0.001493436589994942
2022-03-22,0.02058691717743499,0.027298130901722548,0.01624645473858983,0.020820051155123028
2022-03-23,0.008200000825165983,-0.011451027769037836,-0.01514424051418181,-0.009022396175222974
2022-03-24,0.022424819253455006,0.02356039377021373,0.015275696585995945,0.0014768099843156708
2022-03-25,0.003727058341568997,0.0007130771739775432,-0.0013820841900939887,0.0068448147304497955
2022-03-28,0.005023749767665322,-0.001536357185011044,0.022853338185581662,0.02527066880086216
2022-03-29,0.018953780909849494,0.007395367430344188,0.01504567315128804,0.0019184362663260243
2022-03-30,-0.006671669428280018,-0.003986689254532568,-0.0049264990184814395,-0.017961531171231216
2022-03-31,-0.01793565279658511,-0.02043454482423869,-0.017841174679503625,-0.020064520292900095
2022-04-01,-0.0017196482429003021,0.007757384286439497,0.0035938921487261508,0.0034450322821231614
2022-04-04,0.023417154619217253,0.01992860885235041,0.017777736065093905,0.02884445449723015
2022-04-05,-0.019123921575819682,-0.016790472744623572,-0.013070441928938727,-0.025822642256601212
2022-04-06,-0.018622878972283156,-0.02917864393073302,-0.037292506447931174,-0.03283328123701215
2022-04-07,0.0018023851125432348,-0.004841398801245123,0.006224289928112048,-0.0061382328144399005
2022-04-08,-0.011980386929624186,-0.01932630024989558,-0.014707749570165414,-0.021291810941382657
2022-04-11,-0.025846969249305903,-0.03406528402825785,-0.04022984875232043,-0.021850949776512304
2022-04-12,0.011457389957577854,-0.008645876609843674,-0.011281428692645746,-0.0022158166719546393
2022-04-13,0.016210568598703134,0.01692133244755936,0.01952040389769799,0.031037763445815297
2022-04-14,-0.030447196184145438,-0.024659767892088912,-0.027457713724946188,-0.024961650159491106
2022-04-18,-0.0013319114433829387,0.007440769431416633,0.0024624995410035978,0.007084013688019547
2022-04-19,0.014016812305739715,0.018104060467463476,0.016896247694082253,0.034294010908479985
2022-04-20,-0.0010163162441024468,-0.015261085157395387,0.003708547013766984,-0.026386116801539967
2022-04-21,-0.004855518260593664,-0.025514031258997854,-0.01957161066047098,-0.03772931062801116
2022-04-22,-0.028215535437601608,-0.04237901035039651,-0.02444052319159225,-0.026969363430673157
2022-04-25,0.00671485643511741,0.02833624800876606,0.024120241529329,0.011872429325306142
2022-04-26,-0.03804260634091859,-0.03660790777883357,-0.03812153829192199,-0.046830397470919216
2022-04-27,-0.0014679744597233192,-0.0373994902689235,0.04698764329061276,-0.008819827903123646
2022-04-28,0.04416582140726774,0.03632427198796858,0.022380359741919473,0.045483928748159326
2022-04-29,-0.03729172308164604,-0.037944261214291244,-0.042711508130007236,-0.15139791287665294
2022-05-02,0.0019646391112342256,0.02144496375788076,0.02473506210296046,0.0017565476902947816
2022-05-03,0.009576461375403154,0.0064211157170715166,-0.009501639116741992,-0.001981867083020741
2022-05-04,0.04018965663296486,0.04113352413283279,0.028685689559091763,0.013390415419768674
2022-05-05,-0.057328311422482424,-0.048219524528907105,-0.04453174129308257,-0.07862161321968106
2022-05-06,0.004716028693155706,-0.0065360797216712195,-0.009491467272112811,-0.014140750847553027
2022-05-09,-0.03375249586619827,-0.02835155812354108,-0.03764527291061476,-0.05354166033985861
2022-05-10,0.015983750467412156,0.016606435102234952,0.01842486261796363,0.0006432376717789796
2022-05-11,-0.05323348768089446,-0.00695192383603791,-0.03377351764160057,-0.032556515700991426
2022-05-12,-0.027262601060433923,-0.0066990357247613975,-0.020159524041269403,0.01468209351950851
2022-05-13,0.03141766690480757,0.02801907206717095,0.022344916874134636,0.05569537333818603
2022-05-16,-0.010729526529671017,-0.013931173540155255,0.0014539587880270277,-0.020052883582188433
2022-05-17,0.02510478659277553,0.017565113813947243,0.02014018157607947,0.04030980601090871
2022-05-18,-0.05807338350692723,-0.04005830084163551,-0.04659876195221753,-0.07425163860523774
2022-05-19,-0.02494996939617439,-0.01363588435503835,-0.0037065328599567714,0.0019259973748420684
2022-05-20,0.0017457499467927221,-0.013461911658891334,-0.002293753951924967,0.0025313230136676168
2022-05-23,0.03933548223040734,0.02341365712061589,0.03152941322569689,-0.0003161006497306091
2022-05-24,-0.019403168346464963,-0.0507609174519627,-0.003959407059069593,-0.03266897126205679
2022-05-25,0.001139441785803614,-0.0015583493881688255,0.01110837768134543,0.025371870055026394
2022-05-26,0.02293429831245224,0.018610365219209,0.012793127431871616,0.03950431937060653
2022-05-27,0.03994797451424451,0.04111269756911731,0.027230043993597124,0.0359770770988458
2022-05-31,-0.00536034670788657,0.012787715717969148,-0.00502651007932519,0.043030852834664374
2022-06-01,-0.0008736422213018644,0.0011421757487225428,0.00202110645069789,0.01219142464906909
2022-06-02,0.016671375599921663,0.032229661290963565,0.00789767786719824,0.030965911805553418
2022-06-03,-0.039318503417869216,-0.026547457708473114,-0.01674690122702035,-0.0255076393596147
2022-06-06,0.005214071461959296,0.019705728016564873,-0.0047140371606960545,0.01974655443905197
2022-06-07,0.0174330563559882,0.002812242593217419,0.013856809549376336,-0.014447976483889591
2022-06-08,-0.005056001577149662,0.00037980072949119045,-0.0076993225387170985,-0.014907309337206952
2022-06-09,-0.03661837973529111,-0.020329892257985743,-0.02100242597575972,-0.042394573681651705
2022-06-10,-0.03939427570610049,-0.032516711125271484,-0.0455867703384369,-0.057588983573757455
2022-06-13,-0.03903698265300804,-0.04384889640464405,-0.04333846350197365,-0.05608072910711982
2022-06-14,0.006650475120580838,0.003031238326695048,0.009162742942767867,-0.013205363644664271
2022-06-15,0.01991187443615458,0.028170673006517863,0.02930197877283287,0.05106358079343476
2022-06-16,-0.04045900008164992,-0.03458202143550563,-0.02734060095341697,-0.03795462873180644
2022-06-17,0.011467019570781,0.010414023560593448,0.010880712479718883,0.02439607839682275
2022-06-21,0.032235865685751,0.040250042161636294,0.024293790141355475,0.022895360879700146
2022-06-22,-0.0038349712223051395,-0.0005065969654248875,-0.002406974122841289,0.0024812460138330314
2022-06-23,0.021344647273456623,0.006744748888820058,0.022384164328500735,0.03153073437129849
2022-06-24,0.024221561593547748,0.04981538156576982,0.03357968185250782,0.03512809079637085
2022-06-27,0.0,-0.018318725310203576,-0.010552619502463964,-0.02821501915746544
2022-06-28,-0.03024245336106106,-0.03358801958765005,-0.03226376661321415,-0.0527726431080026
2022-06-29,0.012939608892437648,-0.002735746630499808,0.014630467547088051,0.01405345471235067
2022-06-30,-0.01819222271827212,-0.02482176060843954,-0.013266935317464992,-0.025195393281078386
2022-07-01,0.016034932809354144,-0.002071634642804346,0.010650600880947523,0.03105406439766482
2022-07-05,0.018753592926554898,0.04077580987594662,0.012518507068425591,0.035330514810317494
2022-07-06,0.009561453854945324,0.011490831225146571,0.012702092521391423,0.007286182647943523
2022-07-07,0.02371595506242817,0.03609488960035951,0.008192789338892885,0.017341975999450154
2022-07-08,0.004703718532569193,0.0047913552200563566,-0.0027607073665046793,-0.006814197291832153
2022-07-11,-0.014867816199138732,-0.03129214728538059,-0.01183837250162979,-0.03335256478334072
2022-07-12,0.006810573818792214,-0.014419216014223482,-0.04184500347486419,-0.022900025593117632
2022-07-13,-0.0025400832163588647,-0.023668463174208686,-0.003751923101780122,0.0107459397638012
2022-07-14,0.020275698998945553,-0.008894067914806701,0.00536694357284836,0.0020811275557193875
2022-07-15,0.011385000795757931,0.012694472084145751,0.01033674165783139,0.026052020207380393
2022-07-18,-0.02085926009370213,-0.02488717752112829,-0.009667848162948859,0.0018476894058662332
2022-07-19,0.026371264731099273,0.04290734839964026,0.020554054188413665,0.0383717111840348
2022-07-20,0.013419184625245635,0.0007905010208232001,0.010502366708925251,0.037849962832112935
2022-07-21,0.014981642679269588,0.0038554852783264544,0.009751486253383469,0.015036666950921374
2022-07-22,-0.008144014217009183,-0.05797154934995558,-0.017060638724220378,-0.017891585334626356
2022-07-25,-0.007425587445146009,-0.0036208681104720935,-0.005893712028320629,-0.010510843951367622
2022-07-26,-0.008865631191865085,-0.023433151241522614,-0.027139408997924438,-0.05366832967343516
2022-07-27,0.033661770343190095,0.07376781736506915,0.06471217268292788,0.05226402422174665
2022-07-28,0.0035653151222440546,0.010207759253157665,0.028140836783201666,0.0107708959770675
2022-07-29,0.032266925891414895,0.018218616229295676,0.015543344834589712,0.09859082981024253
2022-08-01,-0.006172509258228669,-0.01263106549733551,-0.009771248989335382,0.003255181148895761
2022-08-02,-0.009330794456258748,0.0023479275473208905,-0.011541137424840652,-0.009126353187385704
2022-08-03,0.03753430991948477,0.025300579516206404,0.027456277059566707,0.03917484597170419
2022-08-04,-0.0019281521910097738,0.0009310627382859228,0.0041687915981931225,0.0216251677554199
2022-08-05,-0.001389772058074047,-0.00611055593102684,-0.002612420324325795,-0.012492693140300751
2022-08-08,-0.0029072072869086654,-0.0014481207852786798,-0.009196753157271689,-0.009921207364734218
2022-08-09,0.00030296415845878263,-0.005728376151919363,0.0070383339682728,-0.011398203042398835
2022-08-10,0.02585741897984147,0.02598216592473257,0.024009629266519356,0.03465340706112098
2022-08-11,-0.004441488838917706,-0.007210640036346527,-0.0074280534511201755,-0.014471032455294032
2022-08-12,0.021199499958204457,0.023616683588016125,0.016893463496320496,0.020479998229218345
2022-08-15,0.006313371611990742,0.0032818773447922107,0.005329917348526647,-0.0025808990121560286
2022-08-16,-0.0009241951010482803,-0.0031176820712332854,-0.0025931219108193517,0.011112811619446402
2022-08-17,0.008746268812231162,-0.01782408509419087,-0.002639661235435904,-0.018684262378250237
2022-08-18,-0.0022941448438765603,0.005172585444470795,-0.003955270212992177,0.0014064484864398943
2022-08-19,-0.015217039985493107,-0.024940173600825594,-0.013950820561245178,-0.02901859297383289
2022-08-22,-0.023298925246079124,-0.02566574631997683,-0.029794783713116377,-0.03691702741982209
2022-08-23,-0.0020309966962107494,-0.003331862654144525,-0.004727639662574286,0.002998007806707862
2022-08-24,0.001792373398712864,-0.0014940686684211278,-0.0023540484216766785,0.001346256547678855
2022-08-25,0.014812479128496552,0.025702447933482492,0.011034240147943158,0.025676456345101635
2022-08-26,-0.038428312178034336,-0.05561148947722271,-0.03935115555391555,-0.04873552390255167
2022-08-29,-0.013784509046706205,-0.008372732356945042,-0.010725380142480138,-0.00736939497405998
2022-08-30,-0.015424306941639656,-0.004396373849824607,-0.008557276773908107,-0.00820055348874808
2022-08-31,-0.010691701938589416,-0.006631121260810532,-0.005720778044175248,-0.01534276001209404
2022-09-01,0.004695565116834358,0.013947686426399734,-0.004100607110049843,0.008248627364462172
2022-09-02,-0.013704380541746898,-0.01737254516524038,-0.016807057128990378,-0.002428212185707223
2022-09-06,-0.008249113954485871,-0.009689807363687158,-0.01103449254671521,-0.011040262841267292
2022-09-07,0.009211435256233432,0.02441621053434917,0.018931159261874966,0.026371849253352748
2022-09-08,-0.00966453888824212,-0.009824298994885248,0.0016647535696213778,0.002622535962612139
2022-09-09,0.01866472798565539,0.020728610600452467,0.02271704723561803,0.02622824562673727
2022-09-12,0.037784585386711894,0.0018960374583334408,0.008246775534203471,0.023581047138634757
2022-09-13,-0.06047125956229879,-0.060805038293985876,-0.056547565718686375,-0.07318946892343868
2022-09-14,0.009509921172670835,0.006497219830518522,0.0009123843547583095,0.013549201586232946
2022-09-15,-0.01911145543634227,-0.02010552894453291,-0.02749352714626325,-0.017816303428596674
2022-09-16,-0.011020465372875252,-0.001069380226660688,-0.002611764879499954,-0.02201762235626526
2022-09-19,0.02477341061030431,0.0026229393060594086,-0.0008992097359837566,0.009106029090597056
2022-09-20,0.015544191526798715,-0.01890273767833955,-0.008501701124416847,-0.020012830448643673
2022-09-21,-0.020476078376194872,-0.018561404178125438,-0.014541219891321297,-0.03032676622578613
2022-09-22,-0.006395537435939268,0.008625004761966898,0.008459785944799259,-0.010430481377003758
2022-09-23,-0.015239348543800262,-0.014079086004522384,-0.012779589296768873,-0.030553234112175698
2022-09-26,0.0022579740210827317,-0.005789597757430504,-0.001977332812032318,0.011968890924047326
2022-09-27,0.006544670765714929,-0.006848080130838894,-0.0043896311730096714,-0.00644711979642255
2022-09-28,-0.012732395157720624,0.025817669913979453,0.019519742467867973,0.030980865018271533
2022-09-29,-0.05036626892892989,-0.026638524683130202,-0.014919647995746958,-0.027577874271049258
2022-09-30,-0.030499864777037984,-0.01833580794951797,-0.019558529520115383,-0.015803691756381338
2022-10-03,0.03028913999572638,0.030781099143806737,0.03310844155482634,0.02516733048685826
2022-10-04,0.02530046613431332,0.029960259047142588,0.033253391387884364,0.043978891324203705
2022-10-05,0.0020512268455742575,-0.0020682094056829166,0.0012848548803773576,-0.0011568286989317087
2022-10-06,-0.006647897173063571,-9.861457885933379e-05,-0.009718000192276203,-0.005388563475942462
2022-10-07,-0.03740989579893694,-0.027387999700490554,-0.052191472569999335,-0.04888996644735092
2022-10-10,0.0023530601676126383,-0.008344419387337825,-0.021533197447178628,-0.007799184311071454
2022-10-11,-0.010308081018428642,-0.006973001101094191,-0.01689213487362154,-0.01292739007238406
2022-10-12,-0.004615474918959822,0.0039027085266561934,0.0015072414641081335,0.006130377153208065
2022-10-13,0.03306036898790869,0.01525813287506571,0.03691809085669192,-0.0032826427568259787
2022-10-14,-0.032771066646332024,-0.02556119467082771,-0.024547426237808517,-0.05132600960921381
2022-10-17,0.028706584784390737,0.03470564681058271,0.03849499741835505,0.06246082010978991
2022-10-18,0.009365478181046253,0.00797052495151173,0.004075442026240565,0.022334186457693587
2022-10-19,0.000764594780187864,-0.011377401864445335,-0.008505728499338854,-0.011148202689094493
2022-10-20,-0.003272101915687378,0.003406876912933469,-0.0013965396547826144,0.0015630456934787908
2022-10-21,0.026699368096255675,0.011536597067599075,0.02496626918722408,0.03470527521216521
2022-10-24,0.014694243702154318,0.013651151104200286,0.02096679079183281,0.0041816570199037775
2022-10-25,0.01915285533937396,0.01893773505783012,0.013697276547735948,0.006488657531862419
2022-10-26,-0.019822354377760882,-0.09585585614200491,-0.08029538703252768,-0.04182438724790477
2022-10-27,-0.03093878854248843,-0.028962748579176027,-0.019953876309414764,-0.04148511663717591
2022-10-28,0.07283440223883321,0.04318745102247818,0.039432684181300005,-0.07046806314523207
2022-10-31,-0.015530453637498796,-0.01865881864917729,-0.01598327565018525,-0.009424419446504203
2022-11-01,-0.01769819131883086,-0.043687455541275434,-0.017206578126374966,-0.056733592543971104
2022-11-02,-0.038018798380758424,-0.03945502042634047,-0.03600895135166422,-0.04945158785215439
2022-11-03,-0.04333028496484906,-0.04155531340528997,-0.026938500710378257,-0.03109058271107464
2022-11-04,-0.0019492769405563908,0.03706091745136163,0.03278234252380427,0.018638216982674413
2022-11-07,0.0038945386000773683,0.021820737681443166,0.028849349031997762,-0.004958465035960488
2022-11-08,0.004166489341116906,0.00462255555871831,0.004378878670097557,-0.006093813282808144
2022-11-09,-0.033753242842024286,-0.017932593797204018,-0.019233799115623656,-0.043613588180190316
2022-11-10,0.08523670059503327,0.07307674552695176,0.07905882726475026,0.11491535104712981
2022-11-11,0.019085191024412865,0.025953712844853656,0.016854406633364447,0.04214992986278232
2022-11-14,-0.009530700445702,-0.007391658702674135,-0.022756991500863882,-0.023084154958510447
2022-11-15,0.011799222836602076,0.028228907362934274,0.0017371410838945883,0.004558631983396615
2022-11-16,-0.008366062707469996,0.004156292026145089,0.0018217741633044424,-0.01856627488370591
2022-11-17,0.012888240868395412,-0.004969305342155589,-0.00020678073465458282,-0.023650675297741616
2022-11-18,0.0037744738342076175,-0.00950004716125588,-0.0019051170777567128,-0.007513650804188213
2022-11-21,-0.02191865025769449,-0.018961372056483704,0.0034350833439060263,-0.018006920831346168
2022-11-22,0.014554887138921047,0.015053525036760575,0.012236209548689097,0.007971580289157953
2022-11-23,0.005908711918369293,0.014424096599012216,0.010353204279001247,0.009929087433161624
2022-11-25,-0.019788113461623305,-0.010208401359036917,-0.00036355259447421395,-0.0076783312910851725
2022-11-28,-0.026615309610835837,-0.01457302140409237,-0.02342483082114413,0.0057642482872482335
2022-11-29,-0.021375061785308073,-0.00899409148276591,-0.005932510978817248,-0.016419307746887702
2022-11-30,0.04745018684157539,0.05914659011496549,0.05979942055142166,0.0436140540859465
2022-12-01,0.0018897884426648211,0.0,-0.0017651991262499962,-0.010831192229061232
2022-12-02,-0.0033773262705845287,-0.00546090682119347,0.0012948002812251658,-0.014449471106160492
2022-12-05,-0.008015136729360054,-0.009603898655103102,-0.019081536242499125,-0.03370736231877925
2022-12-06,-0.025697167912471383,-0.025451889682953525,-0.02051252972105107,-0.030795718248338627
2022-12-07,-0.013880885713282711,-0.021259793867515375,-0.003064463159531831,0.002376766277155038
2022-12-08,0.012059589479795008,-0.013040105973375326,0.012322974949973442,0.021140538059143867
2022-12-09,-0.0034405260330818083,-0.009434938248620628,-0.008035414823205706,-0.014043946522882085
2022-12-12,0.016256956996097263,0.005157287211964059,0.028479741089246124,0.016255164405059676
2022-12-13,0.006759710361678452,0.024559369075457926,0.017313957552293136,0.021198289437405628
2022-12-14,-0.015657995502238353,-0.005873153016774704,0.0011670153072928032,-0.009887580246293281
2022-12-15,-0.04798758117492251,-0.04529357795684805,-0.032438587104409035,-0.03477554111983318
2022-12-16,-0.01468591167462981,-0.006625422693677188,-0.017500978565286936,-0.006692740608663019
2022-12-19,-0.016037550731494852,-0.02037012371192766,-0.01748005651117298,-0.03403503022155705
2022-12-20,-0.0005289207956462285,0.0065367057640514726,0.005598920685056899,0.003174469440173832
2022-12-21,0.023530462015508055,0.006271056842238792,0.010818032625720318,0.018376816404560806
2022-12-22,-0.024059896989846216,-0.020526351760239647,-0.025860325274350435,-0.034947221566029855
2022-12-23,-0.002801849414843575,0.016611573692795985,0.002264461406967236,0.017274436611979943
2022-12-27,-0.013975742940365599,-0.02083649114620706,-0.007441785247055809,-0.026265685720911106
2022-12-28,-0.03116583271912314,-0.015801066456639555,-0.010307783497430495,-0.014800721671305868
2022-12-29,0.027930525787106565,0.027857660110311926,0.027254790900462154,0.028435658196292006
2022-12-30,0.0024659815266405457,-0.0024904386607524846,-0.004949734331008943,-0.002140568124387558
2023-01-03,-0.03812204099772003,0.01003690638462773,-0.0010012277787288981,0.021435277164066735
2023-01-04,0.010261273779809597,-0.011738357045058294,-0.04472896002941832,-0.007955122776173124
2023-01-05,-0.010661241282363194,-0.02157545170073959,-0.030085743900566567,-0.02401157339665977
2023-01-06,0.03613316421064502,0.01313832220622045,0.011716376191306258,0.0349917378504728
2023-01-09,0.004080436794187717,0.007755563268793026,0.009689376577829466,0.014760401298199752
2023-01-10,0.004446976009799498,0.004534156034700238,0.0075883340383061625,0.028326693248784427
2023-01-11,0.020892190845596396,0.034459261750596756,0.029789959919744795,0.05645956080731301
2023-01-12,-0.000599480147392164,-0.004270391411848654,0.011554314570178791,0.0018911574433712077
2023-01-13,0.010068360317401484,0.010805064220865319,0.003014253506341522,0.029476316899670684
2023-01-17,0.008718289209359359,-0.009050858960284324,0.004670803208611508,-0.021322326395198637
2023-01-18,-0.0053846854306865005,-0.0018638821005377607,-0.019069743891173208,-0.0061616190001011146
2023-01-19,0.0004438023476859951,0.02095973317948028,-0.016590855920366437,-0.018822579439957077
2023-01-20,0.019038408052027684,0.052034422845039785,0.03511968872503524,0.037400259951453026
2023-01-23,0.023228528903200686,0.017896493971784444,0.009776096812258116,0.0027724682514327437
2023-01-24,0.010012879925318742,-0.02116641669640574,-0.0022283532625023347,-0.012381472357830799
2023-01-25,-0.004712006918016604,-0.025711558783575332,-0.005925692454079757,0.008888953725914
2023-01-26,0.014695021612686678,0.023867433837958058,0.030251379707214754,0.020774687057825685
2023-01-27,0.013591342179935852,0.018792832880699533,0.0006449589497590782,0.02998335055905419
2023-01-30,-0.0202822460528572,-0.024758006945000754,-0.02220632082232095,-0.016667823165641346
2023-01-31,0.008980104842853736,0.01941007750332937,0.020795070365935597,0.025335155126435763
2023-02-01,0.007870063983884838,0.015958668061743626,0.019738526497317273,0.0193976149644124
2023-02-02,0.03639228450351374,0.07025985977433848,0.045818484329374506,0.07120315696615197
2023-02-03,0.02410680418069957,-0.02785796359992387,-0.023904019939888454,-0.08808283393109906
2023-02-06,-0.018091295007206187,-0.01810523769558753,-0.006134694568037284,-0.011772272805910223
2023-02-07,0.019061667851186924,0.04503456828945739,0.041163018730657606,-0.0006852973444615529
2023-02-08,-0.017810204548707933,-0.07994196538835671,-0.0031065361084806936,-0.020380578012770365
2023-02-09,-0.006935619368872112,-0.044868155478094876,-0.011728372095053738,-0.018256648878253772
2023-02-10,0.0024532355853115776,-0.0046417153540692,-0.001974664598468832,-0.006433489213979958
2023-02-13,0.01863193706452911,0.00042279912814956845,0.03076493579258825,0.019579629188155288
2023-02-14,-0.0042338069296891405,0.0007395903127106874,0.003128001382652996,0.0016060637303953276
2023-02-15,0.013807725918314808,0.023589474446303042,-0.008025374918434244,0.014537811644538115
2023-02-16,-0.010484362831259773,-0.014861270156099326,-0.02698327445418299,-0.03020652173405669
2023-02-17,-0.007575070000114945,-0.012219759611734942,-0.015724685190599153,-0.009726256199159738
2023-02-21,-0.02704239475990994,-0.027507839199638378,-0.021107839932923613,-0.027324623494127318
2023-02-22,0.002892030725065643,-0.0015264364749567499,-0.004601504112409408,0.012712248376870527
2023-02-23,0.003285001743039885,-0.008326958726352335,0.012878232025770467,0.0003131233176392935
2023-02-24,-0.018169325463612072,-0.019554044554473224,-0.02202505667161114,-0.024509991975448668
2023-02-27,0.00821360241768043,0.008268213127642022,0.003764732328574167,0.002776912318089041
2023-02-28,-0.0034535688448260587,0.002112010567222881,-0.0029625003881489846,0.005000289230826088
2023-03-01,-0.014348405673082123,0.003325555033507693,-0.012709732769571429,-0.022103959704043146
2023-03-02,0.004120565005312334,0.017986830595654757,0.019462628429129828,-0.00043408483069996514
2023-03-03,0.03448848275392194,0.017775902128395936,0.0165090692917628,0.02962312838587694
2023-03-06,0.018369743066928037,0.015679884769379444,0.006170009449704076,-0.012192056844170188
2023-03-07,-0.014602816412713545,-0.013440050591405602,-0.010645565526870267,-0.002135579508745822
2023-03-08,0.008342421005134413,0.004146521832143975,-0.0017721955967781005,0.003947251242114423
2023-03-09,-0.015026963668229852,-0.020690093641926966,-0.005454276415396587,-0.017941053663252087
2023-03-10,-0.013975787027901733,-0.018475489836058255,-0.014893219873672543,-0.016614182739941783
2023-03-13,0.013178734129223746,0.005282317262605897,0.02121425450386799,0.01856350439768763
2023-03-14,0.013990812838724923,0.03090808514923489,0.026696382706753136,0.026161301723076753
2023-03-15,0.0026179503974324506,0.022517726320923078,0.01767334356024155,0.013816419647146834
2023-03-16,0.018521421001655027,0.042871763295678364,0.03973628588481353,0.03914078921242492
2023-03-17,-0.005468840318096307,0.01287525621547848,0.011626674010224691,-0.010955473953869753
2023-03-20,0.015364885630126964,-0.003944025324228645,-0.026104558711374196,-0.012610742620752338
2023-03-21,0.01187353242316697,0.03590182964819755,0.005677492353683426,0.029247763784060337
2023-03-22,-0.009145171979867682,-0.014883371941142476,-0.005457112506087766,-0.019166746850565873
2023-03-23,0.006945482742967703,0.02134355601542438,0.019529587041482936,0.00010133363497333344
2023-03-24,0.008271052379811622,-0.0015162372650645449,0.010426067639242196,-0.005893146925693497
2023-03-27,-0.012369350435764115,-0.02866966201381841,-0.015046540913399565,-0.0009175342309671865
2023-03-28,-0.003988410734587541,-0.014054894661543567,-0.004169566980162998,-0.0081934405189327
2023-03-29,0.019597678486774222,0.003556910963744667,0.01900212135012189,0.03048493870739539
2023-03-30,0.009841288583792393,-0.004943645732756443,0.012540813144552099,0.017305747097592427
2023-03-31,0.015523055361371628,0.027760579415761922,0.014851244798647235,0.012567761597929928
2023-04-03,0.0076720444387634555,0.006055036700720839,-0.0037180115325192078,-0.008556175035560798
2023-04-04,-0.0032548162613909378,0.0034436830957983353,-0.00017429243123347245,0.014925585099441625
2023-04-05,-0.011354511029360777,-0.0023902062325924945,-0.009938303048439031,-0.027799874012424952
2023-04-06,0.005480939635346947,0.03711255491528757,0.025212228072715358,0.009450740780884159
2023-04-10,-0.016101301618514464,-0.018431066573985532,-0.007607693491007521,0.001077222967143844
2023-04-11,-0.007620193165588487,-0.010293316882087459,-0.02292941235622229,-0.022268227189570028
2023-04-12,-0.004362601036137421,-0.006762203942588639,0.0023308629045226425,-0.0211385503060785
2023-04-13,0.03353487819858418,0.026313659551864203,0.022152191237875506,0.04565543032053191
2023-04-14,-0.002116162448373006,0.013314978613836093,-0.012847724836576865,0.0010736481279812137
2023-04-17,0.00012093730922298004,-0.02699846581709127,0.009253119913317296,0.0022411286119839928
2023-04-18,0.007476752612589248,-0.01396896035496762,-0.0014900626204845224,-0.004291801457498827
2023-04-19,0.0069441235689461705,-0.0030669921316528515,0.0002775298435341596,0.01936168847711433
2023-04-20,-0.005863515775637778,0.010598324553821366,-0.008145600901000975,-0.0047091095790211925
2023-04-21,-0.00982915054044327,0.0011391404812879828,-0.0012240491344130088,0.02989264254702952
2023-04-24,0.0018768186452964828,0.005298487451510979,-0.01406114369016321,-0.007036666520682404
2023-04-25,-0.009480425047516046,-0.020208539270538863,-0.02279381095975536,-0.03487276836944828
2023-04-26,-6.110033777546974e-05,-0.0013490533192084759,0.06993150401966744,0.023224398457013323
2023-04-27,0.027999570454411482,0.03672918019690059,0.031525519332524364,0.04507277127081395
2023-04-28,0.007512833757956263,-0.0023263725908317227,0.007939878201549408,-0.040605781087400955
2023-05-01,-0.0005306920595912399,-0.0013050906467600262,-0.005548024149368982,-0.03277395882406449
2023-05-02,-0.006210685890755473,-0.017692881974974723,-0.0004907724172585877,0.01536391753200235
2023-05-03,-0.0064882170580160175,0.000854270153902158,-0.0033128337909084336,0.00019301691085338006
2023-05-04,-0.00996282052586188,-0.006853948914680093,0.0033128337909085156,0.0033710455381283566
2023-05-05,0.045859023480038105,0.008370617353402497,0.017011442227104788,0.015835527254169667
2023-05-08,-0.00040317715547662247,0.020625072907192503,-0.006458826651859166,0.0016076240119395433
2023-05-09,-0.010021333244350467,-0.0039047196942740055,-0.005360307287410573,0.007437086747609261
2023-05-10,0.010366949073608906,0.04016961128955347,0.01714866343080738,0.03293503350092615
2023-05-11,0.0010942561466659518,0.04222768309906328,-0.007069250325808209,0.017898556144584802
2023-05-12,-0.0054323706664903436,0.00803150373007063,-0.003682825573926811,-0.017263494264582374
2023-05-15,-0.002901669338475898,-0.00854631874619562,0.0015843890923391392,0.008489121836596263
2023-05-16,0.0,0.025423038672779955,0.00734094082572791,0.01959105037675755
2023-05-17,0.0035967080259123253,0.011067264191111354,0.009407044049706296,0.018349125212474244
2023-05-18,0.013573564789821344,0.016333890277703017,0.014292264004806621,0.022684486585828632
2023-05-19,0.0006281503085653182,-0.0005700437659187585,-0.0005652182323031892,-0.01621197208021114
2023-05-22,-0.005495776542992055,0.018482374377454473,0.008881631284317465,-0.01072394478867387
2023-05-23,-0.01527109206224727,-0.02011290845056084,-0.01860396308540026,-0.00017395019575110725
2023-05-24,0.0016310211482517714,-0.013636939983143978,-0.004482538035351745,0.015189747065965913
2023-05-25,0.006670020286971316,0.021115480791900287,0.03773694404475033,-0.01510276818575663
2023-05-26,0.014006131924100941,0.009109671064864393,0.021159928479430296,0.04347586628475364
2023-05-30,0.010603238477772359,-0.007572210937568402,-0.005059370884610784,0.012822304345733589
2023-05-31,-0.0002820911352531966,-0.006489820707066697,-0.008550608293582455,-0.008916850747084985
2023-06-01,0.015895469953263717,0.006894058859827942,0.012678537903976451,0.017999210602823053
2023-06-02,0.004764108408553289,0.00764926977760364,0.008443336915523915,0.011983006127262639
2023-06-05,-0.007599999638517816,0.010691059698441516,0.0016087514042045896,0.008415221280893264
2023-06-06,-0.0020625310938358274,0.01026376226652712,-0.006750113622003647,0.010400614095251953
2023-06-07,-0.0077863679002855134,-0.03851404129477273,-0.03135441013361018,-0.043421904903774046
2023-06-08,0.01534674900853879,-0.002943058055357979,0.00579676967428485,0.02460606952762862
2023-06-09,0.0021573692932067897,0.000736671209475508,0.00469287145257427,-0.006621468748440394
2023-06-12,0.015517659121015187,0.011469501747181912,0.015365308189275577,0.025121316164936732
2023-06-13,-0.0026150081652628076,0.0015355341778752348,0.007325758930397185,0.0007108476079609743
2023-06-14,0.003485272086695375,-0.0012929376797354503,0.009082437988434682,-0.0018966774409432219
2023-06-15,0.011136534861423294,0.011416730455590541,0.03139858297263765,0.005443175548084132
2023-06-16,-0.005877176634553837,-0.012549454952854757,-0.016714645477304394,-0.012826801009232924
2023-06-20,0.00048662016791786744,-0.00348689026784012,-0.012581330649617403,0.002308282311188502
2023-06-21,-0.0056915753087085404,-0.020932417847535974,-0.013370998475907612,-0.007581513078945846
2023-06-22,0.016390270088466562,0.021338402606191784,0.018269386403555417,0.04173475821321792
2023-06-23,-0.0017128608080103662,-0.006599003095481057,-0.013901968591416892,-0.006320292959406817
2023-06-26,-0.00758149149135385,-0.0332421702118161,-0.01934920012985433,-0.01558513561942593
2023-06-27,0.014946794897181757,-8.45875318027801e-05,0.018005085749968383,0.014424567940817595
2023-06-28,0.006307789116266088,0.0155132733346777,0.003818597318423564,-0.0010843421189455317
2023-06-29,0.0017951160506197758,-0.009027135717709417,-0.0023849023866475256,-0.008873661272556729
2023-06-30,0.02283957421818667,0.0050251680488083775,0.016252841783764026,0.01905113813636069
2023-07-03,-0.007815125692892519,0.0016693959439050296,-0.0075163286254725835,-0.0010745214685311468
2023-07-05,-0.00588869249523629,0.015311812571719378,0.0004732285572452192,0.0012279637641415527
2023-07-06,0.0025056121296924256,-0.013561857903242927,0.009184296448881787,-0.015614479950363446
2023-07-07,-0.005908707224116823,-0.005258949320475011,-0.011938397667666608,0.011001878790426247
2023-07-10,-0.010915277548455504,-0.025687078506259883,-0.01611261454976266,-0.020630536429565062
2023-07-11,-0.002813863083326317,0.005907858321269048,0.0019266527896545595,0.01289534927354112
2023-07-12,0.008945364717609492,0.015165298585244501,0.014126841792626257,0.015563949723523061
2023-07-13,0.004049210980801831,0.04609185612667112,0.016062370155072867,0.026406663898050423
2023-07-14,0.0007870479256126497,0.007041138781729741,0.007500936126409528,0.0028254136578632553
2023-07-17,0.01715761328679994,-0.006158288084199837,0.0014183830041724483,-0.008350743114511814
2023-07-18,-0.0013413332018629392,-0.00716560268889881,0.03902822265879736,-0.005480667866621605
2023-07-19,0.007046848710465175,-0.014077269713592298,-0.012343127540098104,0.01886777143765127
2023-07-20,-0.01014866793872642,-0.02346423078594941,-0.02339302106490813,-0.04071113790508541
2023-07-21,-0.006180752591137022,0.006855588511673905,-0.008977355146654969,0.000307687993656272
2023-07-24,0.004211148177275604,0.012502814443339548,0.0038903593063573704,-0.009273613091557636
2023-07-25,0.004503501830694278,0.005579828861863177,0.01686604276297181,0.002558849307688174
2023-07-26,0.004534766087566448,0.056162320019120644,-0.03836405693224084,-0.007618281489535843
2023-07-27,-0.0066028047947476924,0.001005103589428642,-0.02109294275975833,0.0007800788687019062
2023-07-28,0.013417457211309146,0.024277862251206844,0.022867734437886915,0.030410134252966122
2023-07-31,0.0031609308379898084,0.001055502583717357,-0.007266917733256027,0.0110572111941032
2023-08-01,-0.0042849855067225535,-0.008854650196557628,0.0012496722694345878,-0.014998135236778893
2023-08-02,-0.015611186022912666,-0.02439250137180674,-0.026634613776878837,-0.026781097330387048
2023-08-03,-0.007348686676937868,0.0005450961937797465,-0.002568119830155386,0.005444917932495522
2023-08-04,-0.0492111681922543,-0.0026504406490097253,0.0034226329966787054,0.07945180513430172
2023-08-07,-0.017404442296203044,0.02634565385648711,0.007083298754815504,0.018808843040995626
2023-08-08,0.00529778449137748,-0.000988818924714631,-0.012375118249700034,-0.016161386274731373
2023-08-09,-0.008994679634125447,-0.01333052219639773,-0.011785071880378462,-0.01504759501753799
2023-08-10,-0.001235399602438187,0.00023139351306873562,0.0021698896670102152,0.005137245447970533
2023-08-11,0.00033733880093493634,-0.0010028549787923621,-0.005963303674684774,-0.0010831058272496987
2023-08-14,0.009349389685493903,0.01356912843560788,0.009394592754289501,0.015485316080358403
2023-08-15,-0.011263438701970458,-0.011872532387198752,-0.006750119236992755,-0.020846133672850414
2023-08-16,-0.004971397056807071,-0.00835664798846197,-0.0024314453472212357,-0.019066286976507706
2023-08-17,-0.01466216401441823,0.009434792501301657,-0.011047288648149576,-0.008102713606702033
2023-08-18,0.002812014650565443,-0.01911625910139598,-0.0012630574191596468,-0.005688597043229265
2023-08-21,0.007707008787458359,0.0071140396390352405,0.01691889743885983,0.010899633762398327
2023-08-22,0.007874003460049215,0.005515847216637001,0.0018002628767682007,-0.003197806521519639
2023-08-23,0.02171141162357385,0.02516848615848342,0.013981043345889036,0.009415529041193322
2023-08-24,-0.026518904125477395,-0.019760258425599316,-0.021733013409249036,-0.027530224045928062
2023-08-25,0.012563767050889737,0.0007701542203784571,0.009363271271275229,0.010713027528748599
2023-08-28,0.008807177143731347,0.008662661923920857,0.002226732788644389,-0.0009008643247144191
2023-08-29,0.021575938235946394,0.02681108247077235,0.014445769070600571,0.013206715007284348
2023-08-30,0.01899078920451996,0.009687397130074585,0.0011563210072708483,0.00118530020246871
2023-08-31,0.0011716890286307571,0.0021321590388081943,-0.0031375353151826342,0.021532889699268778
2023-09-01,0.008427641576208357,-0.0037523025354513407,0.0027420451068127303,0.0007967306725371615
2023-09-05,0.0012659574977451462,0.000810569599682135,0.014768929145326914,-0.006173016781758742
2023-09-06,-0.03644962507924631,-0.009695623920368676,-0.0020106015276964906,-0.014011920021062172
2023-09-07,-0.029685617516815505,0.005932018856226461,-0.008962173920708218,0.018228281379293984
2023-09-08,0.003485676255867361,0.008246420073507713,0.013129206367543257,0.0027527518216119884
2023-09-11,0.006600667516696159,0.00395159085267678,0.010919235929513682,0.03462479564658769
2023-09-12,-0.017207817740664984,-0.011606614970388918,-0.018426417532578346,-0.013153992385327589
2023-09-13,-0.011925685342971388,0.010071727657536642,0.012847849502547064,0.02530902952298205
2023-09-14,0.008744311468401652,0.010116049171962049,0.007824860064699807,-0.0008979168301894522
2023-09-15,-0.004162660780733284,-0.005081573584503218,-0.025355485527203875,-0.03037658988565322
2023-09-18,0.016771981283956124,0.005877938749713161,-0.003519030758016211,-0.0029247348968620985
2023-09-19,0.006161776746689317,-0.0012309023179351212,-0.0012468731876449093,-0.016930564270193287
2023-09-20,-0.020194721927510227,-0.031645714011223285,-0.024268888730663355,-0.01714838747973992
2023-09-21,-0.008929281025036463,-0.024984335034220425,-0.0038732566865494144,-0.04505328140436448
2023-09-22,0.004932492434360019,-0.0014576057561880263,-0.007917704531144808,-0.0016251248796010811
2023-09-25,0.007352980769607788,0.006580879308526016,0.0016703538447852412,0.01651413665688319
2023-09-26,-0.02367634234997628,-0.01956307859426458,-0.017152034217125155,-0.04113311252209692
2023-09-27,-0.008937389485310589,0.015206063883212396,0.0020803540358969893,0.0
2023-09-28,0.0015245951021413589,0.013468060778954526,0.0027137892282995185,0.0
2023-09-29,0.00304187436893879,-0.011019688930785466,0.006704854723543669,0.009008352994332738
2023-10-02,0.014726508665280809,0.024979574213468532,0.01897953711923621,0.018240461143240686
2023-10-03,-0.007800165063536484,-0.013053271694864374,-0.026481771806467668,-0.0373007704408456
2023-10-04,0.007281989392524539,0.020996690157064676,0.017617264716334124,0.018115851921521226
2023-10-05,0.007172031189313349,-0.0012578374212526809,0.001253145608163769,-0.008222697494164894
2023-10-06,0.014642921875242862,0.018412225816681265,0.024436104655485458,0.015753318962097584
2023-10-09,0.008415739418773141,0.006087181284846272,0.007792153858124786,0.0023417029658428425
2023-10-10,-0.0033579053466941144,-0.002604240206026769,-0.004345186916153311,0.00946698516860395
2023-10-11,0.007872973844596615,0.017874941298502717,0.012197163250214445,0.017986831598422272
2023-10-12,0.005048578071154798,-0.011305148897745853,-0.0037976130500605412,0.003785588962598881
2023-10-13,-0.0103461843794976,-0.011652841739132672,-0.010411472462592625,-0.019381108651019514
2023-10-16,-0.0007272279633999011,0.012587822626656708,0.01487080440054633,0.021042247787508333
2023-10-17,-0.008823521775649839,0.004447321578416975,-0.0017451201448587246,-0.008181257764936053
2023-10-18,-0.007422423322318682,-0.012676712532907914,-0.005889896353124719,-0.025733286363791553
2023-10-19,-0.0021631101750291914,-0.0015231964363464946,0.0036588684900587636,0.00210493209093831
2023-10-20,-0.01481350487286195,-0.01573127092193642,-0.014134221918065319,-0.025477545009301914
2023-10-23,0.0006937490671638549,0.00661542239737994,0.00807932068609701,0.011043686017449744
2023-10-24,0.002540259289887832,0.016781456868621848,0.0036676296936155347,0.01567921771001468
2023-10-25,-0.01358365975910159,-0.09992427285025061,0.030216829653779777,-0.057387204557163146
2023-10-26,-0.02491330072854037,-0.026868308883384137,-0.03823606952876717,-0.015106526502479031
2023-10-27,0.007937843774147187,-0.0008999695432368753,0.005838381834388696,0.06609496003096194
2023-10-30,0.012230262662587959,0.01857074567094823,0.0224856514182277,0.038169415629497834
2023-10-31,0.0028148481809401917,-0.0030577869695428725,0.002368992301631172,0.0028592165427562357
2023-11-01,0.01856508276993668,0.018920466292214704,0.023269883740966314,0.028955362245697565
2023-11-02,0.020482129622691456,0.008190948194629857,0.006480465302319818,0.007779930147075702
2023-11-03,-0.005194658091803681,0.012549461292785722,0.012779811503927948,0.0038312748175106013
2023-11-06,0.014499556734060167,0.008868363958767233,0.010516964798840914,0.008191461641482902
2023-11-07,0.014347459685674153,0.005512525686009399,0.011156882120842126,0.021031053723631822
2023-11-08,0.0058676855794999525,0.006620803958357944,0.0073784204520071,-0.004424354026475328
2023-11-09,-0.002628064706538577,-0.012210241215444317,-0.006934675717744476,-0.010471269344291862
2023-11-10,0.022954605203737963,0.017882914230577005,0.02459180723364431,0.02083402648617425
2023-11-13,-0.00862085966094072,-0.003778436920631023,-0.008121315013983003,-0.006779695661997966
2023-11-14,0.01418476881990181,0.01151653085154281,0.009742923501113734,0.022262486894446033
2023-11-15,0.003036191601450572,0.007456262896317601,0.0004058503682991004,-0.017993607290294027
2023-11-16,0.009001610246540793,0.0170137177791254,0.01743053848671819,-0.002587108521031568
2023-11-17,-0.00010555487405777086,-0.011901394640208599,-0.01694361812685522,0.016319176713110995
2023-11-20,0.009235658039369387,0.006923006651842064,0.02031406509672442,0.006522368493262836
2023-11-21,-0.004239883009095325,0.005270411152826135,-0.011645504853497725,-0.015378098422388055
2023-11-22,0.0035082899063975195,0.011036267128571331,0.012731302706784372,0.01933932343605667
2023-11-24,-0.007029093417330847,-0.013082447178326548,-0.0011123034675752865,0.00020445580612358505
2023-11-27,-0.0009479577923658305,-0.002050600751131415,0.003121432143781851,0.006723903692254734
2023-11-28,0.0032090096235346402,0.0057745690429539575,0.010744884117325063,-0.00474961512561893
2023-11-29,-0.005424466282862958,-0.016238961674029877,-0.01011116978318175,-0.004840585148378569
2023-11-30,0.0030582473025224134,-0.018391755261299495,0.00015842716033805592,-0.001573209061844679
2023-12-01,0.006768263206536471,-0.005068124484773079,-0.011680114764243014,0.006413794210223246
2023-12-04,-0.009509588261371995,-0.019837564586078327,-0.014442686739195474,-0.01500697967354326
2023-12-05,0.020844246633251746,0.01321788566754502,0.009114773405929874,0.013986300502114904
2023-12-06,-0.00570324696816852,-0.007432878619778767,-0.010036220045714361,-0.016198024273178
2023-12-07,0.01008832498387199,0.05178158755188779,0.005812856676232072,0.016198024273177868
2023-12-08,0.007385032928695347,-0.014269150267503165,0.00880329158836054,0.003669683224747049
2023-12-11,-0.013011665658316315,-0.012673720836176086,-0.007860239272289427,-0.010432734440314026
2023-12-12,0.007889034937307622,-0.005793390925167314,0.008261065389871732,0.010839635496016388
2023-12-13,0.01655361339015177,0.00037718930203284513,-2.697045659658875e-05,0.009179334477907091
2023-12-14,0.0007576416994244385,-0.004763433379811059,-0.02280238887188203,-0.009586235533609468
2023-12-15,-0.0027296862023251773,0.004989864077457281,0.013031998421994245,0.01714963889276147
2023-12-18,-0.008539641864227315,0.023845944032815553,0.005165498691456304,0.026971809898698733
2023-12-19,0.00534591378139012,0.006239694848472278,0.001635600388794772,-0.0018191003361762064
2023-12-20,-0.010771709314756246,0.012291602799708742,-0.007097894494132963,-0.01091834083412718
2023-12-21,-0.0007702434754209688,0.014923492361141459,0.007847905664990322,0.011243426514228085
2023-12-22,-0.00556295416731894,0.007591091536044766,0.002780215186716003,-0.002733830879625901
2023-12-26,-0.002844985452394151,0.00021204869903216839,0.00021355560614818426,-6.514686816695571e-05
2023-12-27,0.0005176839844006867,-0.008159239483502275,-0.0015759939937637398,-0.00045644547960358643
2023-12-28,0.0022239471837767937,-0.0009980598126831906,0.003229319730037295,0.00026087992298881607
2023-12-29,-0.005439036546607518,-0.00385802757090593,0.002023286116600363,-0.009432812028151797
